numero,via,municipio
1,VIA DI SETTEBAGNI N. 231,3
2,VIA DANIELE MANIN N. 72,1
3,VIA DANIELE MANIN N. 72,1
4,VIA DANIELE MANIN N. 72,1
5,VIA RUGGERO BONGHI N. 30,1
6,VIA RUGGERO BONGHI N. 30,1
7,VIA RUGGERO BONGHI N. 30,1
8,VIA BIXIO N. 85,1
9,VIA BIXIO N. 85,1
10,VIA BIXIO N. 85,1
11,VIA BIXIO N. 85,1
12,VIA BIXIO N. 85,1
13,VIALE MANZONI N. 47,1
14,VIALE MANZONI N. 47,1
15,VIALE MANZONI N. 47,1
16,VIALE MANZONI N. 47,1
17,VIALE MANZONI N. 47,1
18,VIA CAMPANIA N. 63,1
19,VIA CAMPANIA N. 63,1
20,VIA CAMPANIA N. 63,1
21,VIA CAMPANIA N. 63,1
22,VIA VITTORIO BACHELET N. 3,1
23,VIA VITTORIO BACHELET N. 3,1
24,VIA VITTORIO BACHELET N. 3,1
25,VIA GIUSEPPE DE SANTIS N. 33,3
26,VIA DANIELE MANIN N. 72,1
27,VIA DANIELE MANIN N. 72,1
28,VIA VITTORIO BACHELET N. 3,2
29,VIA NOVARA N. 22,2
30,VIA REGGIO CALABRIA N. 48,2
31,VIA REGGIO CALABRIA N. 48,2
32,VIA REGGIO CALABRIA N. 34,2
33,VIA REGGIO CALABRIA N. 34,2
34,VIA REGGIO CALABRIA N. 34,2
35,VIA REGGIO CALABRIA N. 34,2
36,VIA REGGIO CALABRIA N. 34,2
37,VIA DI SETTEBAGNI N. 231,3
38,VIA REGGIO CALABRIA N. 48,2
39,VIA REGGIO CALABRIA N. 48,2
40,VIA REGGIO CALABRIA N. 48,2
41,VIA REGGIO CALABRIA N. 48,2
42,VIA STAMIRA N. 55,2
43,VIA STAMIRA N. 55,2
44,VIA STAMIRA N. 55,2
45,VIA STAMIRA N. 55,2
46,PIAZZA RUGGERO DI SICILIA N. 2,2
47,PIAZZA RUGGERO DI SICILIA N. 2,2
48,PIAZZA RUGGERO DI SICILIA N. 2,2
49,PIAZZA RUGGERO DI SICILIA N. 2,2
50,PIAZZA RUGGERO DI SICILIA N. 2,2
51,PIAZZA RUGGERO DI SICILIA N. 2,2
52,PIAZZA RUGGERO DI SICILIA N. 2,2
53,PIAZZA RUGGERO DI SICILIA N. 2,2
54,PIAZZA RUGGERO DI SICILIA N. 2,2
55,VIA RODOLFO LANCIANI N. 45,2
56,VIA RODOLFO LANCIANI N. 45,2
57,VIA RODOLFO LANCIANI N. 45,2
58,VIA RODOLFO LANCIANI N. 45,2
59,VIA RODOLFO LANCIANI N. 45,2
60,VIA RODOLFO LANCIANI N. 45,2
61,PIAZZA GIOVANNI WINCKELMANN N. 19,2
62,PIAZZA GIOVANNI WINCKELMANN N. 19,2
63,PIAZZA GIOVANNI WINCKELMANN N. 19,2
64,PIAZZA GIOVANNI WINCKELMANN N. 19,2
65,PIAZZA GIOVANNI WINCKELMANN N. 19,2
66,PIAZZA GIOVANNI WINCKELMANN N. 19,2
67,VIA VALDARNO N. 6,3
68,VIA VALDARNO N. 6,3
69,VIA VALDARNO N. 6,3
70,VIA VALDARNO N. 6,3
71,VIA VALDARNO N. 6,3
72,VIA VALDARNO N. 6,3
73,PIAZZA MONTE BALDO N. 2,3
74,PIAZZA MONTE BALDO N. 2,3
75,PIAZZA MONTE BALDO N. 2,3
76,VIALE CARNARO N. 4,3
77,VIALE CARNARO N. 4,3
78,PIAZZA MONTE BALDO N. 2,3
79,PIAZZA MONTE BALDO N. 2,3
80,PIAZZA MONTE BALDO N. 2,3
81,PIAZZA MONTE BALDO N. 2,3
82,PIAZZA MONTE BALDO N. 2,3
83,PIAZZA MONTE BALDO N. 2,3
84,VIALE CARNARO N. 4,3
85,VIALE CARNARO N. 4,3
86,VIALE ADRIATICO N. 140,3
87,VIALE ADRIATICO N. 140,3
88,VIALE ADRIATICO N. 140,3
89,VIALE ADRIATICO N. 140,3
90,VIALE ADRIATICO N. 140,3
91,VIA MONTE SENARIO N. 119,3
92,VIA MONTE SENARIO N. 119,3
93,VIA VALLE SCRIVIA N. 11,3
94,VIA VALLE SCRIVIA N. 11,3
95,VIA VALLE SCRIVIA N. 11,3
96,VIA VALLE SCRIVIA N. 11,3
97,VIA VALLE SCRIVIA N. 11,3
98,VIA VALLE SCRIVIA N. 11,3
99,VIA VAL DI LANZO N. 187,3
100,VIA VAL DI LANZO N. 187,3
101,VIA VAL DI LANZO N. 187,3
102,VIA VAL DI LANZO N. 187,3
103,VIA VAL MAGGIA N. 21,3
104,VIA VAL MAGGIA N. 21,3
105,VIA VAL MAGGIA N. 21,3
106,VIA VAL MAGGIA N. 21,3
107,VIA VAL MAGGIA N. 21,3
108,VIA VAL MAGGIA N. 21,3
109,VIA MONTE CARDONETO N. 11,3
110,VIA MONTE CARDONETO N. 11,3
111,VIA MONTE CARDONETO N. 11,3
112,VIA MONTE CARDONETO N. 11,3
113,VIA MONTE CARDONETO N. 11,3
114,VIA GIUSEPPE DE SANTIS N. 33,3
115,VIA DELLE ISOLE CURZOLANE N. 73,3
116,VIA DELLE ISOLE CURZOLANE N. 73,3
117,VIA DELLE ISOLE CURZOLANE N. 73,3
118,VIA DELLE ISOLE CURZOLANE N. 73,3
119,VIA DELLE ISOLE CURZOLANE N. 73,3
120,VIA BRENTA N. 26,2
121,VIA BRENTA N. 26,2
122,VIA BRENTA N. 26,2
123,VIA BRENTA N. 26,2
124,VIA SEBENICO N. 1,2
125,VIA SEBENICO N. 1,2
126,VIA SEBENICO N. 1,2
127,VIA SEBENICO N. 1,2
128,VIA SEBENICO N. 1,2
129,VIA SEBENICO N. 1,2
130,VIA NOVARA N. 22,2
131,VIA NOVARA N. 22,2
132,VIA VOLSINIO N. 23,2
133,VIA VOLSINIO N. 23,2
134,VIA VOLSINIO N. 23,2
135,VIA VOLSINIO N. 23,2
136,VIA VOLSINIO N. 23,2
137,VIA VOLSINIO N. 23,2
138,VIA VOLSINIO N. 23,2
139,VIA VOLSINIO N. 23,2
140,VIA VOLSINIO N. 23,2
141,VIA VALNERINA N. 2,2
142,VIA VALNERINA N. 2,2
143,VIA VALNERINA N. 2,2
144,VIA VALNERINA N. 2,2
145,VIA VALNERINA N. 2,2
146,VIA VALNERINA N. 2,2
147,VIA DI VILLA CHIGI N. 20,2
148,VIA DI VILLA CHIGI N. 20,2
149,VIA DI VILLA CHIGI N. 20,2
150,VIA DI VILLA CHIGI N. 20,2
151,VIA DI VILLA CHIGI N. 20,2
152,VIA DI VILLA CHIGI N. 20,2
153,VIA PIETRO MASCAGNI N. 172,2
154,VIA PIETRO MASCAGNI N. 172,2
155,VIA PIETRO MASCAGNI N. 172,2
156,VIA PIETRO MASCAGNI N. 172,2
157,VIA DI S. MARIA GORETTI N. 41,2
158,VIA DI S. MARIA GORETTI N. 41,2
159,VIA DI S. MARIA GORETTI N. 41,2
160,VIA DI S. MARIA GORETTI N. 41,2
161,VIA TIGRE' N. 96,2
162,VIA TIGRE' N. 96,2
163,VIA TIGRE' N. 96,2
164,VIA TIGRE' N. 96,2
165,VIA TIGRE' N. 96,2
166,VIA ASMARA N. 32,2
167,VIA ASMARA N. 32,2
168,VIA ASMARA N. 32,2
169,VIA ASMARA N. 32,2
170,VIA ASMARA N. 32,2
171,VIA ASMARA N. 32,2
172,VIA RODOLFO LANCIANI N. 45,2
173,VIA DEL TUFO N. 27A,4
174,VIA DEL TUFO N. 27A,4
175,VIA DEL TUFO N. 27A,4
176,VIA ACHILLE TEDESCHI N. 75,4
177,VIA ACHILLE TEDESCHI N. 75,4
178,VIA ACHILLE TEDESCHI N. 75,4
179,VIA ACHILLE TEDESCHI N. 75,4
180,VIA ACHILLE TEDESCHI N. 85,4
181,VIA ACHILLE TEDESCHI N. 85,4
182,VIA ACHILLE TEDESCHI N. 85,4
183,VIA ACHILLE TEDESCHI N. 85,4
184,VIA ANDREA TORRE N. 15,4
185,VIA ANDREA TORRE N. 15,4
186,VIA ANDREA TORRE N. 15,4
187,VIA ANDREA TORRE N. 15,4
188,VIA ANDREA TORRE N. 15,4
189,VIA ANDREA TORRE N. 15,4
190,VIA ANDREA TORRE N. 15,4
191,VIA ANDREA TORRE N. 15,4
192,VIA POMONA N. 9,4
193,VIA POMONA N. 9,4
194,VIA POMONA N. 9,4
195,VIA POMONA N. 9,4
196,PIAZZA FEDERICO SACCO N. 11,4
197,PIAZZA FEDERICO SACCO N. 11,4
198,PIAZZA FEDERICO SACCO N. 11,4
199,PIAZZA FEDERICO SACCO N. 11,4
200,PIAZZA FEDERICO SACCO N. 11,4
201,VIA GAETANO GIORGIO GEMMELLARO N. 47,4
202,VIA GAETANO GIORGIO GEMMELLARO N. 47,4
203,VIA GAETANO GIORGIO GEMMELLARO N. 47,4
204,VIA GAETANO GIORGIO GEMMELLARO N. 47,4
205,VIA GAETANO GIORGIO GEMMELLARO N. 47,4
206,VIA GAETANO GIORGIO GEMMELLARO N. 47,4
207,VIA ITALO SVEVO N. 31,3
208,VIA ITALO SVEVO N. 31,3
209,VIA ITALO SVEVO N. 31,3
210,VIA JAIME PINTOR N. 6,3
211,VIA JAIME PINTOR N. 6,3
212,VIA JAIME PINTOR N. 6,3
213,VIA JAIME PINTOR N. 6,3
214,VIA JAIME PINTOR N. 6,3
215,VIA RENATO FUCINI N. 265,3
216,VIA RENATO FUCINI N. 265,3
217,VIA RENATO FUCINI N. 265,3
218,VIA RENATO FUCINI N. 265,3
219,VIA RENATO FUCINI N. 265,3
220,VIA RENATO FUCINI N. 265,3
221,VIA RENATO FUCINI N. 265,3
222,VIA RENATO FUCINI N. 265,3
223,VIA RENATO FUCINI N. 265,3
224,VIA CORRADO ALVARO N. 25,3
225,VIA CORRADO ALVARO N. 25,3
226,VIA CORRADO ALVARO N. 25,3
227,VIA CORRADO ALVARO N. 25,3
228,VIA CORRADO ALVARO N. 25,3
229,VIA CORRADO ALVARO N. 25,3
230,VIA ETTORE ROMAGNOLI N. 59,3
231,VIA ETTORE ROMAGNOLI N. 59,3
232,VIA ETTORE ROMAGNOLI N. 59,3
233,VIA ETTORE ROMAGNOLI N. 59,3
234,VIA ETTORE ROMAGNOLI N. 59,3
235,VIA ETTORE ROMAGNOLI N. 59,3
236,PIAZZA GIUSEPPE GOLA N. 61,4
237,PIAZZA GIUSEPPE GOLA N. 61,4
238,PIAZZA GIUSEPPE GOLA N. 61,4
239,PIAZZA GIUSEPPE GOLA N. 61,4
240,VIA GIOVANNI PALOMBINI N. 39,4
241,VIA GIOVANNI PALOMBINI N. 39,4
242,VIA GIOVANNI PALOMBINI N. 39,4
243,VIA GIOVANNI PALOMBINI N. 39,4
244,VIA EUFRASIA MARTINETTI N. 21,4
245,VIA EUFRASIA MARTINETTI N. 21,4
246,PIAZZALE HEGEL N. 14,4
247,PIAZZALE HEGEL N. 14,4
248,PIAZZALE HEGEL N. 14,4
249,PIAZZALE HEGEL N. 14,4
250,PIAZZALE HEGEL N. 8,4
251,PIAZZALE HEGEL N. 8,4
252,PIAZZALE HEGEL N. 8,4
253,VIA GIOVANNI PALOMBINI N. 39,4
254,VIA GIOVANNI PALOMBINI N. 39,4
255,VIA GIACOMO CIAMICIAN N. 32,4
256,VIA GIACOMO CIAMICIAN N. 32,4
257,VIA GIACOMO CIAMICIAN N. 32,4
258,VIA GIACOMO CIAMICIAN N. 32,4
259,VIA FOSSACESIA N. 63,4
260,VIA FOSSACESIA N. 63,4
261,VIA FABRIANO N. 59,4
262,PIAZZA PAOLO ROSSI N. 6,4
263,PIAZZA PAOLO ROSSI N. 6,4
264,VIA RINA DE LIGUORO N. 50,3
265,PIAZZA PAOLO ROSSI N. 6,4
266,PIAZZA PAOLO ROSSI N. 6,4
267,PIAZZA PAOLO ROSSI N. 6,4
268,VIA NICOLA MARIA NICOLAI N. 85,4
269,VIA POLLENZA N. 54,4
270,VIA POLLENZA N. 54,4
271,VIA POLLENZA N. 54,4
272,VIA POLLENZA N. 54,4
273,VIA CORINALDO N. 41,4
274,VIA POLLENZA N. 54,4
275,VIA FABRIANO N. 59,4
276,VIA CORINALDO N. 41,4
277,VIA NICOLA MARIA NICOLAI N. 85,4
278,VIA NICOLA MARIA NICOLAI N. 85,4
279,VIA CORINALDO N. 41,4
280,VIA MONDOLFO N. 34,4
281,VIA MONDOLFO N. 34,4
282,VIA CORINALDO N. 41,4
283,VIA CORINALDO N. 41,4
284,VIA MONDOLFO N. 34,4
285,PIAZZA MINUCCIANO N. 33,3
286,VIA MONTE MASSICO N. 88,3
287,PIAZZA MINUCCIANO N. 33,3
288,PIAZZA MINUCCIANO N. 33,3
289,PIAZZA MINUCCIANO N. 33,3
290,PIAZZA MINUCCIANO N. 33,3
291,VIA SEGGIANO N. 34,3
292,PIAZZA MINUCCIANO N. 33,3
293,VIA SEGGIANO N. 34,3
294,VIA SEGGIANO N. 34,3
295,VIA SEGGIANO N. 34,3
296,VIA SEGGIANO N. 34,3
297,VIA SEGGIANO N. 34,3
298,VIA CALCINAIA N. 44,3
299,VIA CALCINAIA N. 44,3
300,VIA CALCINAIA N. 44,3
301,VIA CALCINAIA N. 44,3
302,VIA CALCINAIA N. 44,3
303,VIA GAETANO ZIRARDINI N. 6,3
304,VIA GAETANO ZIRARDINI N. 6,3
305,VIA GAETANO ZIRARDINI N. 6,3
306,VIA GAETANO ZIRARDINI N. 6,3
307,VIA GAETANO ZIRARDINI N. 6,3
308,VIA GAETANO ZIRARDINI N. 6,3
309,PIAZZA LUIGI PORRO LAMBERTENGHI N. 12,3
310,PIAZZA LUIGI PORRO LAMBERTENGHI N. 12,3
311,VIA BEDOLLO N. 320,10
312,PIAZZA LUIGI PORRO LAMBERTENGHI N. 12,3
313,VIA COSTANTINO PERAZZI N. 46,3
314,VIALE DI CASTEL PORZIANO N. 524,10
315,VIA COSTANTINO PERAZZI N. 46,3
316,VIA COSTANTINO PERAZZI N. 46,3
317,VIA MONTE MASSICO N. 88,3
318,VIA MONTE MASSICO N. 88,3
319,VIA MONTE MASSICO N. 88,3
320,VIA MONTE MASSICO N. 88,3
321,VIA MONTE MASSICO N. 88,3
322,VIA DI CASTEL GIUBILEO N. 41,3
323,VIA DI CASTEL GIUBILEO N. 41,3
324,VIA DI CASTEL GIUBILEO N. 41,3
325,LARGO MONTE SAN GIUSTO N. 16,3
326,LARGO MONTE SAN GIUSTO N. 16,3
327,LARGO MONTE SAN GIUSTO N. 16,3
328,LARGO MONTE SAN GIUSTO N. 16,3
329,LARGO MONTE SAN GIUSTO N. 16,3
330,VIA SERRAPETRONA N. 121,3
331,VIA SERRAPETRONA N. 121,3
332,VIA SERRAPETRONA N. 121,3
333,VIA DON GIUSTINO MARIA RUSSOLILLO N. 64,3
334,VIA DON GIUSTINO MARIA RUSSOLILLO N. 64,3
335,VIA DON GIUSTINO MARIA RUSSOLILLO N. 64,3
336,VIA DON GIUSTINO MARIA RUSSOLILLO N. 64,3
337,VIA DON GIUSTINO MARIA RUSSOLILLO N. 64,3
338,VIA DON GIUSTINO MARIA RUSSOLILLO N. 64,3
339,VIA DON GIUSTINO MARIA RUSSOLILLO N. 64,3
340,VIA FLAVIO ANDO' N. 15,3
341,VIA FLAVIO ANDO' N. 15,3
342,VIA FLAVIO ANDO' N. 15,3
343,VIA FLAVIO ANDO' N. 15,3
344,VIA FLAVIO ANDO' N. 15,3
345,VIA FLAVIO ANDO' N. 15,3
346,VIA GENNARO PASQUARIELLO N. 27,3
347,VIA GENNARO PASQUARIELLO N. 27,3
348,VIA GENNARO PASQUARIELLO N. 27,3
349,VIA GENNARO PASQUARIELLO N. 27,3
350,VIA GENNARO PASQUARIELLO N. 27,3
351,VIA GIUSEPPE DE SANTIS N. 33,3
352,VIA GIUSEPPE DE SANTIS N. 33,3
353,VIA RINA DE LIGUORO N. 50,3
354,VIA RINA DE LIGUORO N. 50,3
355,VIA SERRAPETRONA N. 121,3
356,VIA DELLO SCALO DI SETTEBAGNI N. 45,3
357,VIA DELLO SCALO DI SETTEBAGNI N. 45,3
358,VIA DELLO SCALO DI SETTEBAGNI N. 45,3
359,VIA DELLO SCALO DI SETTEBAGNI N. 45,3
360,VIA DI SETTEBAGNI N. 231,3
361,VIA NICOLA MARIA NICOLAI N. 85,3
362,VIA DI SETTEBAGNI N. 231,3
363,VIA DI SETTEBAGNI N. 231,3
364,VIA ITALO SVEVO N. 31,3
365,VIA DI SETTEBAGNI N. 231,3
366,VIA RINA DE LIGUORO N. 50,3
367,VIA RINA DE LIGUORO N. 50,3
368,VIA RINA DE LIGUORO N. 50,3
369,VIA RINA DE LIGUORO N. 50,3
370,VIA RINA DE LIGUORO N. 50,3
371,VIA RINA DE LIGUORO N. 50,3
372,VIA PIER ANTONIO SERASSI N. 75,3
373,VIA PIER ANTONIO SERASSI N. 75,3
374,VIA PIER ANTONIO SERASSI N. 75,3
375,VIA PIER ANTONIO SERASSI N. 75,3
376,VIALE RATTO DELLE SABINE N. 3,4
377,VIALE RATTO DELLE SABINE N. 3,4
378,VIALE RATTO DELLE SABINE N. 3,4
379,VIALE RATTO DELLE SABINE N. 3,4
380,VIALE RATTO DELLE SABINE N. 3,4
381,VIA RUBELLIA N. 31,4
382,VIA RUBELLIA N. 31,4
383,VIA RUBELLIA N. 31,4
384,VIA RUBELLIA N. 31,4
385,VIA DI CASAL BIANCO N. 140,4
386,VIA DI CASAL BIANCO N. 140,4
387,VIA CORROPOLI N. 119,4
388,VIA CORROPOLI N. 119,4
389,VIA CORROPOLI N. 119,4
390,VIA CORROPOLI N. 119,4
391,VIA TIBURTINA ANTICA N. 25,2
392,VIA TIBURTINA ANTICA N. 25,2
393,VIA TIBURTINA ANTICA N. 25,2
394,VIA TIBURTINA ANTICA N. 25,2
395,VIA TIBURTINA ANTICA N. 25,2
396,VIA TIBURTINA ANTICA N. 25,2
397,VIA DEI SARDI N. 37,2
398,VIA DEI SARDI N. 37,2
399,VIA DEI SARDI N. 37,2
400,VIA DEI SARDI N. 37,2
401,VIA DEI SARDI N. 37,2
402,PIAZZA TOMMASO DE CRISTOFORIS N. 8,4
403,PIAZZA TOMMASO DE CRISTOFORIS N. 8,4
404,PIAZZA TOMMASO DE CRISTOFORIS N. 8,4
405,PIAZZA TOMMASO DE CRISTOFORIS N. 8,4
406,PIAZZA TOMMASO DE CRISTOFORIS N. 8,4
407,PIAZZA TOMMASO DE CRISTOFORIS N. 8,4
408,PIAZZA TOMMASO DE CRISTOFORIS N. 8,4
409,PIAZZA TOMMASO DE CRISTOFORIS N. 8,4
410,PIAZZA TOMMASO DE CRISTOFORIS N. 8,4
411,PIAZZA TOMMASO DE CRISTOFORIS N. 8,4
412,VIA CONTE DI CARMAGNOLA N. 27,5
413,VIA LUIGI FILIPPO DE MAGISTRIS N. 15,5
414,VIA LUIGI FILIPPO DE MAGISTRIS N. 49,5
415,VIA LUIGI FILIPPO DE MAGISTRIS N. 49,5
416,VIA LUIGI FILIPPO DE MAGISTRIS N. 49,5
417,VIA LUIGI FILIPPO DE MAGISTRIS N. 49,5
418,VIA LUIGI FILIPPO DE MAGISTRIS N. 49,5
419,VIA LUIGI FILIPPO DE MAGISTRIS N. 49,5
420,VIA LUIGI FILIPPO DE MAGISTRIS N. 15,5
421,VIA LUIGI FILIPPO DE MAGISTRIS N. 15,5
422,VIA CONTE DI CARMAGNOLA N. 27,5
423,VIA CONTE DI CARMAGNOLA N. 27,5
424,VIA CONTE DI CARMAGNOLA N. 27,5
425,VIA CONTE DI CARMAGNOLA N. 27,5
426,VIA CONTE DI CARMAGNOLA N. 27,5
427,VIA CONTE DI CARMAGNOLA N. 27,5
428,VIA CONTE DI CARMAGNOLA N. 27,5
429,VIA RENZO DA CERI N. 103,5
430,VIA DEL PIGNETO N. 301A,5
431,VIA RENZO DA CERI N. 103,5
432,VIA RENZO DA CERI N. 103,5
433,VIA RENZO DA CERI N. 103,5
434,VIA LUCHINO DAL VERME N. 109,5
435,VIA LUCHINO DAL VERME N. 109,5
436,VIA LUCHINO DAL VERME N. 109,5
437,VIA LUCHINO DAL VERME N. 109,5
438,VIA LUCHINO DAL VERME N. 109,5
439,VIA LUCHINO DAL VERME N. 109,5
440,VIA DEL PIGNETO N. 301A,5
441,VIA DEL PIGNETO N. 301A,5
442,VIA DEL PIGNETO N. 301A,5
443,VIA DEL PIGNETO N. 301A,5
444,VIA DEL PIGNETO N. 301A,5
445,VIA DEL PIGNETO N. 301A,5
446,VIA DI ACQUA BULLICANTE N. 30,5
447,VIA DI ACQUA BULLICANTE N. 30,5
448,VIA DI ACQUA BULLICANTE N. 30,5
449,VIA RUBELLIA N. 31,4
450,VIA DI ACQUA BULLICANTE N. 30,5
451,VIA DI ACQUA BULLICANTE N. 30,5
452,VIA DI ACQUA BULLICANTE N. 30,5
453,VIA DI ACQUA BULLICANTE N. 30,5
454,VIA DI ACQUA BULLICANTE N. 30,5
455,VIALE PARTENOPE N. 55,5
456,VIALE PARTENOPE N. 55,5
457,VIALE PARTENOPE N. 55,5
458,VIALE PARTENOPE N. 55,5
459,VIALE PARTENOPE N. 55,5
460,VIALE PARTENOPE N. 55,5
461,VIA ANAGNI N. 48,5
462,VIA ANAGNI N. 48,5
463,VIA ANAGNI N. 48,5
464,VIA ANAGNI N. 48,5
465,VIA ANAGNI N. 48,5
466,VIA ANAGNI N. 48,5
467,VIA FIUGGI N. 18,5
468,VIA FIUGGI N. 18,5
469,VIA FIUGGI N. 18,5
470,VIA FIUGGI N. 18,5
471,VIA FRANCESCO FERRAIRONI N. 38,5
472,VIA FRANCESCO FERRAIRONI N. 38,5
473,VIA FRANCESCO FERRAIRONI N. 38,5
474,VIA FRANCESCO FERRAIRONI N. 38,5
475,VIA MARIO UGO GUATTARI N. 45,5
476,VIA MARIO UGO GUATTARI N. 45,5
477,VIA DON PRIMO MAZZOLARI N. 323,6
478,VIA MARIO UGO GUATTARI N. 45,5
479,VIA MARIO UGO GUATTARI N. 45,5
480,LARGO GIROLAMO COCCONI N. 10,5
481,LARGO GIROLAMO COCCONI N. 10,5
482,LARGO GIROLAMO COCCONI N. 10,5
483,LARGO GIROLAMO COCCONI N. 10,5
484,LARGO GIROLAMO COCCONI N. 10,5
485,LARGO GIROLAMO COCCONI N. 10,5
486,VIA MICHELE TENORE N. 15,5
487,VIA MICHELE TENORE N. 15,5
488,VIA MICHELE TENORE N. 15,5
489,VIA MICHELE TENORE N. 15,5
490,VIA MICHELE TENORE N. 15,5
491,VIA LUIGI GASTINELLI N. 58,6
492,VIA DEI FAGGI N. 151,5
493,VIA DEI FAGGI N. 151,5
494,VIA DEI FAGGI N. 151,5
495,VIA DEI FAGGI N. 151,5
496,VIA DEI FAGGI N. 151,5
497,VIA DEI FAGGI N. 151,5
498,VIA MASSA DI SAN GIULIANO N. 131,6
499,VIA DEI FAGGI N. 151,5
500,VIA DEI FAGGI N. 151,5
501,VIALE DELLA PRIMAVERA N. 207,5
502,VIALE DELLA PRIMAVERA N. 207,5
503,VIALE DELLA PRIMAVERA N. 207,5
504,VIALE DELLA PRIMAVERA N. 207,5
505,VIALE DELLA PRIMAVERA N. 207,5
506,VIA CARPINETO N. 11,5
507,VIA CARPINETO N. 11,5
508,VIA DEI GLICINI N. 60,5
509,VIA DEI GLICINI N. 60,5
510,VIA PATERNO' N. 22,6
511,VIA DEI GLICINI N. 60,5
512,VIA LUIGI GASTINELLI N. 58,6
513,VIA PORTUENSE N. 1493,11
514,VIA DEI GLICINI N. 60,5
515,VIA GUIDO CORBELLINI N. 35,6
516,VIA DEI GLICINI N. 60,5
517,VIA DEI GLICINI N. 60,5
518,VIA DEI GLICINI N. 60,5
519,VIA CANTIANO N. 131,6
520,PIAZZA DEI MIRTI N. 31,5
521,VIA CITTA' SANT'ANGELO N. 31,6
522,PIAZZA DEI MIRTI N. 31,5
523,VIA MELIZZANO N. 94,6
524,PIAZZA DEI MIRTI N. 31,5
525,VIA DEI SESAMI N. 2,5
526,VIA DEI SESAMI N. 2,5
527,VIA DEI SESAMI N. 2,5
528,VIA DEI SESAMI N. 2,5
529,VIA DEI SESAMI N. 2,5
530,VIA DEI SESAMI N. 2,5
531,VIA PIETRO ROMUALDO PIROTTA N. 95A,5
532,VIA PIETRO ROMUALDO PIROTTA N. 95A,5
533,VIA PIETRO ROMUALDO PIROTTA N. 95A,5
534,VIA PATERNO' N. 22,6
535,VIA PIETRO ROMUALDO PIROTTA N. 95A,5
536,VIA COLLATINA N. 103,5
537,VIA DI S. ROMANO N. 93,4
538,VIA DI S. ROMANO N. 93,4
539,VIA DI S. ROMANO N. 93,4
540,VIA DI S. ROMANO N. 93,4
541,VIA DI S. ROMANO N. 93,4
542,VIA DI S. ROMANO N. 93,4
543,VIA CIPRIANO FACCHINETTI N. 42,4
544,VIA CIPRIANO FACCHINETTI N. 42,4
545,VIA CIPRIANO FACCHINETTI N. 42,4
546,VIA CIPRIANO FACCHINETTI N. 42,4
547,VIA CIPRIANO FACCHINETTI N. 42,4
548,VIA CIPRIANO FACCHINETTI N. 42,4
549,PIAZZA RICCARDO BALSAMO CRIVELLI N. 66,4
550,VIA SEBASTIANO SATTA N. 84,4
551,VIA SEBASTIANO SATTA N. 84,4
552,VIA SEBASTIANO SATTA N. 84,4
553,VIA SEBASTIANO SATTA N. 84,4
554,PIAZZA RICCARDO BALSAMO CRIVELLI N. 66,4
555,PIAZZA RICCARDO BALSAMO CRIVELLI N. 66,4
556,PIAZZA RICCARDO BALSAMO CRIVELLI N. 66,4
557,PIAZZA RICCARDO BALSAMO CRIVELLI N. 66,4
558,PIAZZA RICCARDO BALSAMO CRIVELLI N. 66,4
559,VIA FILIPPO FIORENTINI N. 48,4
560,VIA FILIPPO FIORENTINI N. 48,4
561,VIA FEDERIGO VERDINOIS N. 54,4
562,VIA FEDERIGO VERDINOIS N. 54,4
563,VIA FEDERIGO VERDINOIS N. 54,4
564,VIA DEL FRANTOIO N. 2,4
565,VIA DEL FRANTOIO N. 2,4
566,VIA DEL FRANTOIO N. 2,4
567,VIALE FERNANDO SANTI N. 65,4
568,VIALE FERNANDO SANTI N. 65,4
569,VIALE FERNANDO SANTI N. 65,4
570,VIALE FERNANDO SANTI N. 65,4
571,VIALE FERNANDO SANTI N. 65,4
572,VIA GIUSEPPE SCALARINI N. 27,4
573,VIA GIUSEPPE SCALARINI N. 27,4
574,VIA GIUSEPPE SCALARINI N. 27,4
575,VIA GIUSEPPE SCALARINI N. 27,4
576,VIA GIUSEPPE SCALARINI N. 27,4
577,LARGO GIAMPAOLO BORGHI N. 6,15
578,VIALE DELLA VENEZIA GIULIA N. 52,5
579,VIALE DELLA VENEZIA GIULIA N. 52,5
580,VIALE DELLA VENEZIA GIULIA N. 52,5
581,VIALE DELLA VENEZIA GIULIA N. 52,5
582,VIALE DELLA VENEZIA GIULIA N. 52,5
583,VIALE DELLA VENEZIA GIULIA N. 52,5
584,VIALE DELLA VENEZIA GIULIA N. 52,5
585,VIALE DELLA VENEZIA GIULIA N. 52,5
586,VIALE DELLA VENEZIA GIULIA N. 52,5
587,VIALE DELLA VENEZIA GIULIA N. 52,5
588,VIALE DELLA VENEZIA GIULIA N. 52,5
589,VIA DINO PENAZZATO N. 72,5
590,VIA DINO PENAZZATO N. 72,5
591,VIA DINO PENAZZATO N. 72,5
592,VIA DINO PENAZZATO N. 72,5
593,VIA DINO PENAZZATO N. 72,5
594,VIA DINO PENAZZATO N. 72,5
595,LARGO FRANCO BIGNOTTI N. 3,9
596,VIALE GIOVANNI BATTISTA VALENTE N. 100,5
597,VIALE GIOVANNI BATTISTA VALENTE N. 100,5
598,VIALE GIOVANNI BATTISTA VALENTE N. 100,5
599,VIALE GIOVANNI BATTISTA VALENTE N. 100,5
600,VIALE GIOVANNI BATTISTA VALENTE N. 100,5
601,VIALE GIOVANNI BATTISTA VALENTE N. 100,5
602,VIA COLLATINA N. 103,5
603,VIA COLLATINA N. 103,5
604,VIA PIETRO ROMUALDO PIROTTA N. 95,5
605,VIA PIETRO ROMUALDO PIROTTA N. 95,5
606,VIA PIETRO ROMUALDO PIROTTA N. 95,5
607,VIA PIETRO ROMUALDO PIROTTA N. 95,5
608,VIA PIETRO ROMUALDO PIROTTA N. 95,5
609,VIA DEL PERGOLATO N. 112,5
610,VIA DEL PERGOLATO N. 112,5
611,VIA DEL PERGOLATO N. 112,5
612,VIA DEL PERGOLATO N. 112,5
613,VIA DEL PERGOLATO N. 112,5
614,VIA DEI SALICI N. 27,5
615,VIA DEI SALICI N. 27,5
616,VIA DEL FOSSO DELL'OSA N. 507,6
617,VIA DEI SALICI N. 27,5
618,VIA DEI SALICI N. 27,5
619,VIA DEI SALICI N. 27,5
620,VIA DEL CAMPO N. 57,5
621,VIA DEL CAMPO N. 57,5
622,VIA DEL CAMPO N. 57,5
623,VIA DEL CAMPO N. 57,5
624,VIA DEL CAMPO N. 57,5
625,VIA DEL CAMPO N. 57,5
626,VIA LUCA GHINI N. 58,5
627,VIA CITTA' SANT'ANGELO N. 31,6
628,VIA LUCA GHINI N. 58,5
629,VIA LUCA GHINI N. 58,5
630,VIA LUCA GHINI N. 58,5
631,VIA VITTORIO OLCESE N. 16,5
632,VIA VITTORIO OLCESE N. 16,5
633,VIA VITTORIO OLCESE N. 16,5
634,VIA VITTORIO OLCESE N. 16,5
635,VIA VITTORIO OLCESE N. 16,5
636,VIA VITTORIO OLCESE N. 16,5
637,LARGO APPIO CHIEREGATTI N. 21,5
638,LARGO APPIO CHIEREGATTI N. 21,5
639,LARGO APPIO CHIEREGATTI N. 21,5
640,LARGO APPIO CHIEREGATTI N. 21,5
641,LARGO APPIO CHIEREGATTI N. 21,5
642,LARGO APPIO CHIEREGATTI N. 21,5
643,LARGO APPIO CHIEREGATTI N. 21,5
644,VIA AMEDEO SOMMOVIGO N. 40,4
645,VIA AMEDEO SOMMOVIGO N. 40,4
646,VIA AMEDEO SOMMOVIGO N. 40,4
647,VIA AMEDEO SOMMOVIGO N. 40,4
648,VIA AMEDEO SOMMOVIGO N. 40,4
649,VIA AMEDEO SOMMOVIGO N. 40,4
650,VIA ANGELICA BALABANOFF N. 60,4
651,VIA ANGELICA BALABANOFF N. 60,4
652,VIA ANGELICA BALABANOFF N. 60,4
653,VIA ANGELICA BALABANOFF N. 60,4
654,VIA ANGELICA BALABANOFF N. 60,4
655,VIA DELIA N. 46,5
656,VIA DELIA N. 46,5
657,VIALE GIORGIO DE CHIRICO N. 59,5
658,VIALE GIORGIO DE CHIRICO N. 59,5
659,VIALE GIORGIO DE CHIRICO N. 59,5
660,VIALE GIORGIO DE CHIRICO N. 59,5
661,VIALE GIORGIO DE CHIRICO N. 59,5
662,VIALE GIORGIO DE CHIRICO N. 59,5
663,VIALE GIORGIO DE CHIRICO N. 59,5
664,VIALE GIORGIO DE CHIRICO N. 59,5
665,PIAZZA CESARE DE CUPIS N. 20,5
666,PIAZZA CESARE DE CUPIS N. 20,5
667,PIAZZA CESARE DE CUPIS N. 20,5
668,PIAZZA CESARE DE CUPIS N. 20,5
669,PIAZZA CESARE DE CUPIS N. 20,5
670,PIAZZA CESARE DE CUPIS N. 20,5
671,VIA ARETUSA N. 5,5
672,VIA ARETUSA N. 5,5
673,VIA ARETUSA N. 5,5
674,VIA DELIA N. 46,5
675,VIA DELIA N. 46,5
676,VIA DELIA N. 46,5
677,VIA DELIA N. 46,5
678,VIA MELIZZANO N. 94,6
679,VIA GIUSEPPE MEDAIL N. 31,6
680,VIA GIUSEPPE MEDAIL N. 31,6
681,VIA GIUSEPPE MEDAIL N. 31,6
682,VIA DEL FOSSO DELL'OSA N. 507,6
683,VIA DEL FOSSO DELL'OSA N. 507,6
684,VIA DON PRIMO MAZZOLARI N. 323,6
685,VIA DON PRIMO MAZZOLARI N. 323,6
686,VIA DEL FOSSO DELL'OSA N. 507,6
687,VIA DEL FOSSO DELL'OSA N. 507,6
688,VIA CITTA' SANT'ANGELO N. 31,6
689,VIA MASSA DI SAN GIULIANO N. 131,6
690,VIA MASSA DI SAN GIULIANO N. 131,6
691,VIA CANTIANO N. 131,6
692,VIA CANTIANO N. 131,6
693,VIA CANTIANO N. 131,6
694,VIA CANTIANO N. 131,6
695,VIA CRUCIS N. 21,6
696,VIA PIETRO BELON N. 150,5
697,VIA PIETRO BELON N. 150,6
698,VIA PIETRO BELON N. 150,6
699,VIA PIETRO BELON N. 150,6
700,VIA PIETRO BELON N. 150,6
701,VIA PIETRO BELON N. 150,6
702,VIA DELLE ALZAVOLE N. 21,6
703,VIA DELLE ALZAVOLE N. 21,6
704,VIA DELLE ALZAVOLE N. 21,6
705,VIA PIETRO OLINA N. 19,6
706,VIA PIETRO OLINA N. 19,6
707,VIA PIETRO OLINA N. 19,6
708,VIA PIETRO OLINA N. 19,6
709,VIA DI TORRENOVA N. 147,6
710,VIA DI TORRENOVA N. 147,6
711,VIA DI TORRENOVA N. 147,6
712,VIA DI TORRENOVA N. 147,6
713,VIA DI TORRENOVA N. 147,6
714,VIA CALIMERA N. 133,6
715,VIA CALIMERA N. 133,6
716,VIA CALIMERA N. 133,6
717,VIA CALIMERA N. 133,6
718,VIA MEROPE N. 24,6
719,VIA MEROPE N. 24,6
720,VIA MEROPE N. 24,6
721,VIA MEROPE N. 24,6
722,VIA MEROPE N. 24,6
723,VIA POSEIDONE N. 41,6
724,VIA POSEIDONE N. 41,6
725,VIA POSEIDONE N. 41,6
726,VIA POSEIDONE N. 41,6
727,VIA POSEIDONE N. 41,6
728,VIA POSEIDONE N. 41,6
729,VIA AMICO ASPERTINI N. 325,6
730,VIA AMICO ASPERTINI N. 325,6
731,VIA AMICO ASPERTINI N. 325,6
732,VIA AMICO ASPERTINI N. 325,6
733,VIA AMICO ASPERTINI N. 325,6
734,VIA AMICO ASPERTINI N. 325,6
735,VIA FRANCESCO LONDONIO N. 20,6
736,VIA FRANCESCO LONDONIO N. 20,6
737,VIA FRANCESCO LONDONIO N. 20,6
738,VIA FRANCESCO LONDONIO N. 20,6
739,VIA FRANCESCO LONDONIO N. 20,6
740,VIA FRANCESCO LONDONIO N. 20,6
741,VIA DELL'ARCHEOLOGIA N. 139,6
742,VIA DELL'ARCHEOLOGIA N. 139,6
743,VIA MOTTA CAMASTRA N. 155D,6
744,VIA DELL'ARCHEOLOGIA N. 139,6
745,VIA DELL'ARCHEOLOGIA N. 139,6
746,VIA FRANCESCO MERLINI N. 8,6
747,VIA FRANCESCO MERLINI N. 8,6
748,VIA FRANCESCO MERLINI N. 8,6
749,VIA FRANCESCO MERLINI N. 8,6
750,VIA FRANCESCO MERLINI N. 8,6
751,VIA FRANCESCO MERLINI N. 8,6
752,VIA FRANCESCO MERLINI N. 8,6
753,VIA ACQUARONI N. 53,6
754,VIA ACQUARONI N. 53,6
755,VIA ACQUARONI N. 53,6
756,VIA ACQUARONI N. 53,6
757,VIA ACQUARONI N. 53,6
758,VIA ACQUARONI N. 53,6
759,VIA SICULIANA N. 78,6
760,VIA SICULIANA N. 78,6
761,VIA SICULIANA N. 78,6
762,VIA SICULIANA N. 78,6
763,VIA SICULIANA N. 78,6
764,VIA SICULIANA N. 78,6
765,VIA SICULIANA N. 78,6
766,VIA SICULIANA N. 78,6
767,VIA PATERNO' N. 22,6
768,VIA PATERNO' N. 22,6
769,VIA MELIZZANO N. 94,6
770,VIA MELIZZANO N. 94,6
771,VIA MELIZZANO N. 94,6
772,VIA MELIZZANO N. 94,6
773,VIA MELIZZANO N. 94,6
774,VIA MELIZZANO N. 94,6
775,VIA MOTTA CAMASTRA N. 155D,6
776,VIA MOTTA CAMASTRA N. 155D,6
777,VIA MOTTA CAMASTRA N. 155D,6
778,VIA MOTTA CAMASTRA N. 155D,6
779,VIA MOTTA CAMASTRA N. 155D,6
780,VIA MOTTA CAMASTRA N. 155D,6
781,VIA DI ROCCA CENCIA N. 39,6
782,VIA DI ROCCA CENCIA N. 39,6
783,VIA DI ROCCA CENCIA N. 39,6
784,VIA DI ROCCA CENCIA N. 39,6
785,VIA DI ROCCA CENCIA N. 39,6
786,VIA CASILINA N. 2157,6
787,VIA CASILINA N. 2157,6
788,VIA CASILINA N. 2157,6
789,VIA DEL CASALE DEL FINOCCHIO N. 56,6
790,VIA DEL CASALE DEL FINOCCHIO N. 56,6
791,VIA DEL CASALE DEL FINOCCHIO N. 56,6
792,VIA DEL CASALE DEL FINOCCHIO N. 56,6
793,VIA DEL CASALE DEL FINOCCHIO N. 56,6
794,VIA DEL CASALE DEL FINOCCHIO N. 56,6
795,VIA PATERNO' N. 20,6
796,VIA PATERNO' N. 20,6
797,VIA PATERNO' N. 20,6
798,VIA PATERNO' N. 20,6
799,VIA PATERNO' N. 20,6
800,VIA PATERNO' N. 20,6
801,VIA PATERNO' N. 22,6
802,VIA PATERNO' N. 22,6
803,VIA DI GIARDINETTI N. 85,6
804,VIA DI GIARDINETTI N. 85,6
805,VIA DI GIARDINETTI N. 85,6
806,VIA DI GIARDINETTI N. 85,6
807,VIA DI GIARDINETTI N. 85,6
808,VIA DEGLI ORAFI N. 30,6
809,VIA DEGLI ORAFI N. 30,6
810,VIA DEGLI ORAFI N. 30,6
811,VIA DEGLI ORAFI N. 30,6
812,VIA DELLA TENUTA DI TORRENOVA N. 130,6
813,VIA DELLA TENUTA DI TORRENOVA N. 130,6
814,VIA DELLA TENUTA DI TORRENOVA N. 130,6
815,VIA DELLA TENUTA DI TORRENOVA N. 130,6
816,VIA DELLA TENUTA DI TORRENOVA N. 130,6
817,VIA DELLA TENUTA DI TORRENOVA N. 130,6
818,VIA DELLA TENUTA DI TORRENOVA N. 130,6
819,VIA ERCOLE MARELLI N. 21,6
820,VIA ERCOLE MARELLI N. 21,6
821,VIA ERCOLE MARELLI N. 21,6
822,VIA ERCOLE MARELLI N. 21,6
823,VIA ERCOLE MARELLI N. 21,6
824,VIA ERCOLE MARELLI N. 21,6
825,VIA MILLET N. 21,6
826,VIA MILLET N. 21,6
827,VIA MILLET N. 21,6
828,LARGO GAETANA AGNESI N. 5,1
829,LARGO GAETANA AGNESI N. 5,1
830,LARGO GAETANA AGNESI N. 5,1
831,VIA PANISPERNA N. 255,1
832,VIALE DI CASTEL PORZIANO N. 524,10
833,VIA PANISPERNA N. 255,1
834,VIA SFORZA N. 3,1
835,VIA SFORZA N. 3,1
836,VIA SFORZA N. 3,1
837,VIA RUGGERO BONGHI N. 30,1
838,VIA RUGGERO BONGHI N. 30,1
839,VIA RUGGERO BONGHI N. 30,1
840,VIA DI PORTA S. SEBASTIANO N. 2,1
841,VIA DI PORTA S. SEBASTIANO N. 2,1
842,VIA PIERO GHERARDI N. 39,10
843,PIAZZA DI S. ALESSIO N. 34,1
844,VIA DEL MURO LINARI N. 46,7
845,PIAZZA DI S. ALESSIO N. 34,1
846,LARGO GAETANA AGNESI N. 5,1
847,LARGO GAETANA AGNESI N. 5,1
848,VIA GIUSEPPE GREGORACI N. 70,7
849,VIA BRUNO DE FINETTI N. 170B,9
850,VIA BRUNO DE FINETTI N. 170B,9
851,PIAZZA GIAN LORENZO BERNINI N. 26,1
852,PIAZZA GIAN LORENZO BERNINI N. 26,1
853,PIAZZA GIAN LORENZO BERNINI N. 26,1
854,VIA ACIREALE N. 4,7
855,VIA LA SPEZIA N. 23,7
856,VIA PIER ANTONIO SERASSI N. 75,3
857,VIA LA SPEZIA N. 23,7
858,VIA LA SPEZIA N. 23,7
859,VIA LA SPEZIA N. 23,7
860,VIA LA SPEZIA N. 23,7
861,VIA ACIREALE N. 4,7
862,VIA GIUSEPPE GREGORACI N. 70,7
863,VIA ACIREALE N. 4,7
864,VIA ACIREALE N. 4,7
865,VIA ACIREALE N. 4,7
866,VIA TARANTO N. 59S,7
867,VIA TARANTO N. 59S,7
868,VIA ADRIA N. 19,7
869,VIA TARANTO N. 59S,7
870,VIA TARANTO N. 59S,7
871,VIA TARANTO N. 59S,7
872,VIA BOBBIO N. 3,7
873,VIA BOBBIO N. 3,7
874,VIA BOBBIO N. 3,7
875,VIA WALTER PROCACCINI N. 70,7
876,VIA ADRIA N. 19,7
877,VIA ADRIA N. 19,7
878,VIA ADRIA N. 19,7
879,VIA CAMILLA N. 75,7
880,VIA CAMILLA N. 75,7
881,VIA CAMILLA N. 75,7
882,VIA CAMILLA N. 75,7
883,VIA CAMILLA N. 75,7
884,VIA CAMILLA N. 75,7
885,VIA GUBBIO N. 1,7
886,VIA GUBBIO N. 1,7
887,VIA GUBBIO N. 1,7
888,VIA GUBBIO N. 1,7
889,VIA GUBBIO N. 1,7
890,VIA GUBBIO N. 1,7
891,VIA NORCIA N. 19,7
892,VIA NORCIA N. 19,7
893,VIA NORCIA N. 19,7
894,VIA NORCIA N. 19,7
895,VIA NORCIA N. 19,7
896,VIA NORCIA N. 19,7
897,LARGO VOLUMNIA N. 11,7
898,LARGO VOLUMNIA N. 11,7
899,LARGO VOLUMNIA N. 11,7
900,LARGO VOLUMNIA N. 11,7
901,LARGO VOLUMNIA N. 11,7
902,LARGO VOLUMNIA N. 11,7
903,LARGO VOLUMNIA N. 11,7
904,LARGO VOLUMNIA N. 11,7
905,LARGO VOLUMNIA N. 11,7
906,LARGO VOLUMNIA N. 11,7
907,LARGO VOLUMNIA N. 11,7
908,LARGO VOLUMNIA N. 11,7
909,VIA AMULIO N. 4,7
910,VIA AMULIO N. 4,7
911,VIA AMULIO N. 4,7
912,VIA ROCCA DI PAPA N. 113,7
913,VIA ROCCA DI PAPA N. 113,7
914,VIA ROCCA DI PAPA N. 113,7
915,VIA ROCCA DI PAPA N. 113,7
916,VIA ROCCA DI PAPA N. 113,7
917,VIA ROCCA DI PAPA N. 113,7
918,VIA ROCCA DI PAPA N. 113,7
919,VIA ROCCA DI PAPA N. 113,7
920,VIALE FILARETE N. 21,5
921,VIALE FILARETE N. 21,5
922,VIALE FILARETE N. 21,5
923,VIALE FILARETE N. 21,5
924,VIALE FILARETE N. 21,5
925,VIALE FILARETE N. 21,5
926,PIAZZA FRANCESCO ZAMBECCARI N. 19,5
927,PIAZZA FRANCESCO ZAMBECCARI N. 19,5
928,PIAZZA FRANCESCO ZAMBECCARI N. 19,5
929,PIAZZA FRANCESCO ZAMBECCARI N. 19,5
930,PIAZZA FRANCESCO ZAMBECCARI N. 19,5
931,VIA ROCCA IMPERIALE N. 39,7
932,VIA CAMILLO MANFRONI N. 9,5
933,VIA CAMILLO MANFRONI N. 9,5
934,VIA CAMILLO MANFRONI N. 9,5
935,VIA CAMILLO MANFRONI N. 9,5
936,VIA BRUNO DE FINETTI N. 170B,9
937,VIA SESTIO MENAS N. 125,5
938,VIA SESTIO MENAS N. 125,5
939,VIA SESTIO MENAS N. 125,5
940,VIA SESTIO MENAS N. 125,5
941,VIA SESTIO MENAS N. 125,7
942,VIA SESTIO MENAS N. 125,7
943,VIALE DEI CONSOLI N. 16,7
944,VIALE DEI CONSOLI N. 16,7
945,VIALE DEI CONSOLI N. 16,7
946,VIA DELL'AEROPORTO N. 97,7
947,VIA DELL'AEROPORTO N. 97,7
948,VIA DELL'AEROPORTO N. 97,7
949,VIA ARDEATINA N. 1276,9
950,VIA DELL'AEROPORTO N. 97,7
951,VIA DELL'AEROPORTO N. 97,7
952,VIA MARCO DECUMIO N. 25,7
953,VIA MARCO DECUMIO N. 25,7
954,VIA MARCO DECUMIO N. 25,7
955,VIA MARCO DECUMIO N. 25,7
956,VIA MARCO DECUMIO N. 25,7
957,VIA MARCO DECUMIO N. 25,7
958,VIA DEL QUADRARO N. 102,7
959,VIA DEL QUADRARO N. 102,7
960,VIA DEL QUADRARO N. 102,7
961,VIA DEL QUADRARO N. 102,7
962,VIA SIBARI N. 3,7
963,VIA SIBARI N. 3,7
964,VIA SIBARI N. 3,7
965,VIA SIBARI N. 3,7
966,VIA BEATA MARIA DE MATTIAS N. 5,7
967,VIA BEATA MARIA DE MATTIAS N. 5,7
968,VIA BEATA MARIA DE MATTIAS N. 5,7
969,VIA BEATA MARIA DE MATTIAS N. 5,7
970,VIA LUSITANIA N. 16,7
971,VIA LUSITANIA N. 16,7
972,VIA LUSITANIA N. 16,7
973,VIA LUSITANIA N. 16,7
974,VIA LUSITANIA N. 16,7
975,VIA LUSITANIA N. 16,7
976,VIA LUSITANIA N. 16,7
977,VIA LUSITANIA N. 16,7
978,VIA CENEDA N. 26,7
979,VIA CENEDA N. 26,7
980,VIA CENEDA N. 26,7
981,VIA CENEDA N. 26,7
982,VIA CERVETERI N. 57,7
983,VIA CERVETERI N. 57,7
984,VIA CERVETERI N. 57,7
985,VIA CERVETERI N. 57,7
986,VIA MONDOVI' N. 16,7
987,VIA MONDOVI' N. 16,7
988,VIA MONDOVI' N. 16,7
989,VIA MONDOVI' N. 16,7
990,VIA MONDOVI' N. 16,7
991,VIA MONDOVI' N. 14,7
992,VIA MONDOVI' N. 14,7
993,VIA MONDOVI' N. 14,7
994,VIA MONDOVI' N. 14,7
995,VIA MONDOVI' N. 14,7
996,VIA LUSITANIA N. 16,7
997,VIA LUSITANIA N. 16,7
998,VIA LUSITANIA N. 16,7
999,VIA LATINA N. 303A,7
1000,VIA LATINA N. 303A,7
1001,VIA LATINA N. 303A,7
1002,VIA LATINA N. 303A,7
1003,VIA LATINA N. 303A,7
1004,VIA LATINA N. 303A,7
1005,VIA LATINA N. 303A,7
1006,VIA LATINA N. 303A,7
1007,VIA LATINA N. 303A,7
1008,VIA TOMMASO FORTIFIOCCA N. 84,7
1009,VIA BRUNO DE FINETTI N. 170B,9
1010,VIA TOMMASO FORTIFIOCCA N. 84,7
1011,LARGO FRANCO BIGNOTTI N. 3,9
1012,VIA TOMMASO FORTIFIOCCA N. 84,7
1013,VIA TOMMASO FORTIFIOCCA N. 84,7
1014,LARGO PIETRO TACCHI VENTURI N. 5,7
1015,LARGO PIETRO TACCHI VENTURI N. 5,7
1016,LARGO PIETRO TACCHI VENTURI N. 5,7
1017,LARGO PIETRO TACCHI VENTURI N. 5,7
1018,LARGO PIETRO TACCHI VENTURI N. 5,7
1019,VIA LATINA N. 550,7
1020,VIA LATINA N. 550,7
1021,VIA LATINA N. 550,7
1022,VIA LATINA N. 303A,7
1023,VIA LATINA N. 550,8
1024,VIA VESTRICIO SPURINNA N. 152,7
1025,VIA VESTRICIO SPURINNA N. 152,7
1026,VIA VESTRICIO SPURINNA N. 152,7
1027,VIA VESTRICIO SPURINNA N. 152,7
1028,VIA VESTRICIO SPURINNA N. 152,7
1029,VIA TARQUINIO COLLATINO N. 50,7
1030,VIA TARQUINIO COLLATINO N. 50,7
1031,VIA TARQUINIO COLLATINO N. 50,7
1032,VIA TARQUINIO COLLATINO N. 50,7
1033,VIA TARQUINIO COLLATINO N. 50,7
1034,VIA TARQUINIO COLLATINO N. 50,7
1035,VIALE S. GIOVANNI BOSCO N. 125,7
1036,VIALE S. GIOVANNI BOSCO N. 125,7
1037,VIALE S. GIOVANNI BOSCO N. 125,7
1038,VIALE S. GIOVANNI BOSCO N. 125,7
1039,VIALE S. GIOVANNI BOSCO N. 125,7
1040,VIALE MARCO FULVIO NOBILIORE N. 79A,7
1041,VIALE MARCO FULVIO NOBILIORE N. 79A,7
1042,VIA PIERO GHERARDI N. 39,10
1043,VIALE MARCO FULVIO NOBILIORE N. 79A,7
1044,VIALE MARCO FULVIO NOBILIORE N. 79A,7
1045,VIALE MARCO FULVIO NOBILIORE N. 79A,7
1046,VIA GIUSEPPE SALVIOLI N. 20,7
1047,VIA GIUSEPPE SALVIOLI N. 20,7
1048,VIA GIUSEPPE SALVIOLI N. 20,7
1049,VIA GIUSEPPE SALVIOLI N. 20,7
1050,VIA GIUSEPPE SALVIOLI N. 20,7
1051,VIA PUBLIO VALERIO N. 122,7
1052,VIA PUBLIO VALERIO N. 122,7
1053,VIA PUBLIO VALERIO N. 122,7
1054,VIA PUBLIO VALERIO N. 122,7
1055,VIA PUBLIO VALERIO N. 122,7
1056,VIA GIUSEPPE BELLONI N. 30,7
1057,VIA GIUSEPPE BELLONI N. 30,7
1058,VIA GIUSEPPE BELLONI N. 30,7
1059,VIA LUIGI CHIARINI N. 400,9
1060,VIA GIUSEPPE BELLONI N. 30,7
1061,VIA CONTARDO FERRINI N. 77,7
1062,VIA CONTARDO FERRINI N. 77,7
1063,VIA CONTARDO FERRINI N. 77,7
1064,VIA CONTARDO FERRINI N. 77,7
1065,VIA CARLO FADDA N. 93,7
1066,VIA CARLO FADDA N. 93,7
1067,VIA CARLO FADDA N. 93,7
1068,VIA CARLO FADDA N. 93,7
1069,VIA MARCO DINO ROSSI N. 30,7
1070,VIA MARCO DINO ROSSI N. 30,7
1071,VIA MARCO DINO ROSSI N. 30,7
1072,VIA MARCO DINO ROSSI N. 30,7
1073,VIA MARCO DINO ROSSI N. 30,7
1074,LARGO FRANCO BIGNOTTI N. 3,9
1075,VIA DEL PELLICANO N. 18,6
1076,VIA RUGANTINO N. 88,7
1077,VIA RUGANTINO N. 88,7
1078,VIA RUGANTINO N. 91,7
1079,VIA RUGANTINO N. 91,7
1080,VIA RUGANTINO N. 91,7
1081,VIA ADOLFO GIAQUINTO N. 24,7
1082,VIA ADOLFO GIAQUINTO N. 24,7
1083,VIA ADOLFO GIAQUINTO N. 24,7
1084,VIA ADOLFO GIAQUINTO N. 24,7
1085,VIA EMILIO MACRO N. 25,7
1086,VIA EMILIO MACRO N. 25,7
1087,VIA EMILIO MACRO N. 25,7
1088,VIA EMILIO MACRO N. 25,7
1089,VIA EMILIO MACRO N. 25,7
1090,PIAZZA FRANCESCO ZAMBECCARI N. 19,5
1091,VIA VALERIO PUBLICOLA N. 165,7
1092,VIA VALERIO PUBLICOLA N. 165,7
1093,VIA VALERIO PUBLICOLA N. 165,7
1094,VIA VALERIO PUBLICOLA N. 165,7
1095,VIA VALERIO PUBLICOLA N. 165,7
1096,VIA VALERIO PUBLICOLA N. 165,7
1097,VIA VALERIO PUBLICOLA N. 165,7
1098,VIA VALERIO PUBLICOLA N. 165,7
1099,VIA VALERIO PUBLICOLA N. 165,7
1100,VIA LEMONIA N. 226,7
1101,VIA LEMONIA N. 226,7
1102,VIA LEMONIA N. 226,7
1103,VIA LEMONIA N. 226,7
1104,VIA LEMONIA N. 226,7
1105,VIA LEMONIA N. 226,7
1106,CIRCONVALLAZIONE TUSCOLANA N. 61,7
1107,CIRCONVALLAZIONE TUSCOLANA N. 61,7
1108,CIRCONVALLAZIONE TUSCOLANA N. 61,7
1109,CIRCONVALLAZIONE TUSCOLANA N. 61,7
1110,CIRCONVALLAZIONE TUSCOLANA N. 61,7
1111,CIRCONVALLAZIONE TUSCOLANA N. 61,7
1112,VIA AMANTEA N. 1,7
1113,VIA AMANTEA N. 1,7
1114,VIA TROPEA N. 26,7
1115,VIA TROPEA N. 26,7
1116,VIA TROPEA N. 26,7
1117,VIA DEL CALICE N. 34I,7
1118,VIA DEL CALICE N. 34I,7
1119,VIA DEL CALICE N. 34I,7
1120,VIA DI S. TARCISIO N. 66,7
1121,VIA DI S. TARCISIO N. 66,7
1122,VIA DI S. TARCISIO N. 66,7
1123,VIA DI S. TARCISIO N. 66,7
1124,VIA DI S. TARCISIO N. 66,7
1125,VIA DI S. TARCISIO N. 123,7
1126,VIA DI S. TARCISIO N. 123,7
1127,VIA DI S. TARCISIO N. 123,8
1128,VIA DELLE RONDINI N. 37A,6
1129,VIA DELLE RONDINI N. 37A,6
1130,VIA DELLE RONDINI N. 37A,6
1131,VIA DELLE RONDINI N. 37A,6
1132,VIA DEL PELLICANO N. 18,6
1133,VIA DEL PELLICANO N. 18,6
1134,VIA DEL PELLICANO N. 18,6
1135,VIA DEL PELLICANO N. 18,6
1136,VIA FRANCESCO GENTILE N. 40,7
1137,VIA FRANCESCO GENTILE N. 40,7
1138,VIA FRANCESCO GENTILE N. 40,7
1139,VIA FRANCESCO GENTILE N. 40,7
1140,VIA FRANCESCO GENTILE N. 40,7
1141,VIA FRANCESCO GENTILE N. 40,7
1142,VIA PASQUALE STABILINI N. 21,7
1143,VIA PASQUALE STABILINI N. 21,7
1144,VIA PASQUALE STABILINI N. 21,7
1145,VIA PASQUALE STABILINI N. 21,7
1146,VIA PASQUALE STABILINI N. 21,7
1147,VIA LIBERO LEONARDI N. 178,7
1148,VIA LIBERO LEONARDI N. 178,7
1149,VIA LIBERO LEONARDI N. 178,7
1150,VIA LIBERO LEONARDI N. 178,7
1151,VIA FRANCESCO GENTILE N. 40,7
1152,VIA DEL MURO LINARI N. 46,7
1153,VIA GIUSEPPE GREGORACI N. 70,7
1154,VIA GIUSEPPE GREGORACI N. 70,7
1155,VIA GIUSEPPE GREGORACI N. 70,7
1156,VIA GIUSEPPE GREGORACI N. 70,7
1157,VIA GIUSEPPE GREGORACI N. 70,7
1158,VIA DEL MURO LINARI N. 46,7
1159,VIA DI S. MATTEO N. 104,7
1160,VIA DI S. MATTEO N. 104,7
1161,VIA DI S. MATTEO N. 104,7
1162,VIA DEL CALICE N. 34I,7
1163,VIA WALTER PROCACCINI N. 70,7
1164,VIA WALTER PROCACCINI N. 70,7
1165,VIA ROCCA IMPERIALE N. 39,7
1166,VIA ROCCA IMPERIALE N. 39,7
1167,VIA ROCCA IMPERIALE N. 39,7
1168,VIA ROCCA IMPERIALE N. 39,7
1169,VIA ROCCA IMPERIALE N. 39,7
1170,VIA ROCCA IMPERIALE N. 39,7
1171,VIA NIOBE N. 52,7
1172,VIA NIOBE N. 52,7
1173,VIA NIOBE N. 52,7
1174,VIA NIOBE N. 52,7
1175,VIA DEL FONTANILE ANAGNINO N. 123,7
1176,VIA DEL FONTANILE ANAGNINO N. 123,7
1177,VIA DEL FONTANILE ANAGNINO N. 123,7
1178,VIA DEL FONTANILE ANAGNINO N. 123,7
1179,VIA DEL FONTANILE ANAGNINO N. 123,7
1180,VIA DEL FONTANILE ANAGNINO N. 123D,7
1181,VIA DEL FONTANILE ANAGNINO N. 123D,7
1182,VIA DEL FONTANILE ANAGNINO N. 123D,7
1183,VIA DEL FONTANILE ANAGNINO N. 123D,7
1184,VIA DEL FONTANILE ANAGNINO N. 123D,7
1185,VIA DEL FONTANILE ANAGNINO N. 123D,7
1186,VIA ALESSANDRO DELLA SETA N. 8,7
1187,VIA NIOBE N. 52,7
1188,VIA NIOBE N. 52,7
1189,VIA NIOBE N. 52,7
1190,VIA NIOBE N. 52,7
1191,VIA DEL FOSSO DI S. ANDREA N. 77,7
1192,VIA DEL FOSSO DI S. ANDREA N. 77,7
1193,VIA ALESSANDRO DELLA SETA N. 8,7
1194,VIA DEL CALICE N. 34I,8
1195,VIA ARDEATINA N. 1276,8
1196,VIA ARDEATINA N. 1276,9
1197,VIA ARDEATINA N. 1276,9
1198,VIA ARDEATINA N. 1276,9
1199,VIA BRUNO DE FINETTI N. 170B,9
1200,VIA ARDEATINA N. 1276,9
1201,VIA ARDEATINA N. 1276,9
1202,VIA ARDEATINA N. 1276,9
1203,VIA ARDEATINA N. 1274,9
1204,VIA ARDEATINA N. 1274,9
1205,VIA ARDEATINA N. 1274,9
1206,VIA ARDEATINA N. 1274,9
1207,VIA LUIGI CHIARINI N. 400,9
1208,VIA ITALO TORSIELLO N. 45,9
1209,VIA ITALO TORSIELLO N. 57,9
1210,VIA ITALO TORSIELLO N. 57,9
1211,VIA ITALO TORSIELLO N. 57,9
1212,VIA ITALO TORSIELLO N. 57,9
1213,VIA ITALO TORSIELLO N. 57,9
1214,VIA ITALO TORSIELLO N. 57,9
1215,VIA ITALO TORSIELLO N. 57,9
1216,VIA ITALO TORSIELLO N. 57,9
1217,VIA GALVANI N. 6,1
1218,VIALE DELL'OCEANO INDIANO N. 64,9
1219,VIA FRANCESCO CILEA N. 269,10
1220,VIA GALVANI N. 6,1
1221,VIA GALVANI N. 8,1
1222,VIA GALVANI N. 6,1
1223,VIA GALVANI N. 6,1
1224,VIA GALVANI N. 6,1
1225,VIA GALVANI N. 8,1
1226,VIA GALVANI N. 8,1
1227,PIAZZA GIAN LORENZO BERNINI N. 26,1
1228,PIAZZA GIAN LORENZO BERNINI N. 26,1
1229,PIAZZA GIAN LORENZO BERNINI N. 26,1
1230,VIA GALVANI N. 8,8
1231,VIA GALVANI N. 8,8
1232,VIA NICOLA ZABAGLIA N. 27B,8
1233,VIA NICOLA ZABAGLIA N. 27B,8
1234,VIA NICOLA ZABAGLIA N. 27B,8
1235,VIA NICOLA ZABAGLIA N. 27B,8
1236,VIA PADRE REGINALDO GIULIANI N. 15,8
1237,VIA PADRE REGINALDO GIULIANI N. 15,8
1238,VIA PADRE REGINALDO GIULIANI N. 15,8
1239,VIA PADRE REGINALDO GIULIANI N. 15,8
1240,VIA PADRE REGINALDO GIULIANI N. 15,8
1241,VIA PADRE SEMERIA N. 28,8
1242,VIA PADRE SEMERIA N. 28,8
1243,VIA PADRE SEMERIA N. 28,8
1244,VIA PADRE SEMERIA N. 28,8
1245,VIA PADRE SEMERIA N. 28,8
1246,PIAZZA NICOLA LONGOBARDI N. 2,8
1247,PIAZZA NICOLA LONGOBARDI N. 2,8
1248,PIAZZA NICOLA LONGOBARDI N. 2,8
1249,PIAZZA NICOLA LONGOBARDI N. 2,8
1250,PIAZZA NICOLA LONGOBARDI N. 2,8
1251,PIAZZA NICOLA LONGOBARDI N. 2,8
1252,PIAZZA DAMIANO SAULI N. 2,8
1253,PIAZZA DAMIANO SAULI N. 2,8
1254,PIAZZA DAMIANO SAULI N. 2,8
1255,PIAZZA DAMIANO SAULI N. 2,8
1256,PIAZZA DAMIANO SAULI N. 2,8
1257,PIAZZA DAMIANO SAULI N. 2,8
1258,VIA ALESSANDRA MACINGHI STROZZI N. 51,8
1259,VIA ALESSANDRA MACINGHI STROZZI N. 51,8
1260,VIA ALESSANDRA MACINGHI STROZZI N. 51,8
1261,VIALE ERMINIO SPALLA N. 36,8
1262,VIA ALESSANDRA MACINGHI STROZZI N. 51,8
1263,VIA ALESSANDRA MACINGHI STROZZI N. 51,8
1264,LARGO LEONARDO DA VINCI N. 19,8
1265,VIA DELLA VASCA NAVALE N. 70,8
1266,VIA DELLA VASCA NAVALE N. 70,8
1267,VIA DELLA VASCA NAVALE N. 70,8
1268,LARGO LEONARDO DA VINCI N. 19,8
1269,LARGO LEONARDO DA VINCI N. 19,8
1270,VIA PORTUENSE N. 1493,11
1271,LARGO LEONARDO DA VINCI N. 19,8
1272,LARGO LEONARDO DA VINCI N. 19,8
1273,VIA DEL CASALE DELLE PANTANELLE N. 15,13
1274,LARGO LEONARDO DA VINCI N. 19,8
1275,VIA ALESSANDRO SEVERO N. 212,8
1276,VIA ALESSANDRO SEVERO N. 212,8
1277,VIA ALESSANDRO SEVERO N. 212,8
1278,VIA ALESSANDRO SEVERO N. 212,8
1279,VIA ALESSANDRO SEVERO N. 212,8
1280,VIA ANTONINO PIO N. 84,8
1281,VIA ANTONINO PIO N. 84,8
1282,VIA ANTONINO PIO N. 84,8
1283,VIA ANTONINO PIO N. 84,8
1284,VIA ANTONINO PIO N. 84,8
1285,VIA SALVATORE PINCHERLE N. 140,8
1286,VIA SALVATORE PINCHERLE N. 140,8
1287,VIA UMBERTO NISTRI N. 11,8
1288,VIA UMBERTO NISTRI N. 11,8
1289,VIA UMBERTO NISTRI N. 11,8
1290,VIA UMBERTO NISTRI N. 11,8
1291,VIA SALVATORE PINCHERLE N. 140,8
1292,VIA SALVATORE PINCHERLE N. 140,8
1293,VIA SALVATORE PINCHERLE N. 140,8
1294,VIA SALVATORE PINCHERLE N. 140,9
1295,VIA DEI PAPARESCHI N. 22A,12
1296,VIA DEI PAPARESCHI N. 22A,12
1297,VIA DEI PAPARESCHI N. 22A,12
1298,VIA DEI PAPARESCHI N. 22A,11
1299,VIA DEI PAPARESCHI N. 22A,11
1300,VIA DEI PAPARESCHI N. 22A,11
1301,VIA DEI PAPARESCHI N. 30A,11
1302,VIA DEI PAPARESCHI N. 30A,11
1303,VIA DEI PAPARESCHI N. 30A,11
1304,VIA PIETRO BLASERNA N. 47,11
1305,VIA PIETRO BLASERNA N. 47,11
1306,VIA PIETRO BLASERNA N. 47,11
1307,VIA PIETRO BLASERNA N. 47,11
1308,VIA DI BOCCEA N. 1395,14
1309,VIA PIETRO BLASERNA N. 47,11
1310,VIA PIETRO BLASERNA N. 47,11
1311,VIA PIETRO BLASERNA N. 47,11
1312,VIA PIETRO BLASERNA N. 47,11
1313,VIA SILVESTRO GHERARDI N. 85,11
1314,VIA SILVESTRO GHERARDI N. 85,11
1315,VIA SILVESTRO GHERARDI N. 85,11
1316,VIA SILVESTRO GHERARDI N. 87,11
1317,VIA SILVESTRO GHERARDI N. 87,11
1318,VIA SILVESTRO GHERARDI N. 87,11
1319,VIA ALESSANDRO CRUTO N. 41,11
1320,VIA ALESSANDRO CRUTO N. 41,11
1321,VIA ALESSANDRO CRUTO N. 41,11
1322,VIA ALESSANDRO CRUTO N. 41,11
1323,VIA ALESSANDRO CRUTO N. 41,11
1324,VIA ALESSANDRO CRUTO N. 41,11
1325,VIA GIUSEPPE BAGNERA N. 64,11
1326,VIA GIUSEPPE BAGNERA N. 64,11
1327,VIA GIUSEPPE BAGNERA N. 64,11
1328,VIA GIUSEPPE BAGNERA N. 64,11
1329,VIA GIUSEPPE BAGNERA N. 64,11
1330,VIA GIUSEPPE BAGNERA N. 64,11
1331,VIA CUTIGLIANO N. 82,11
1332,VIA CUTIGLIANO N. 82,11
1333,VIA CUTIGLIANO N. 82,11
1334,VIA CUTIGLIANO N. 82,11
1335,VIA CUTIGLIANO N. 82,11
1336,VIA CUTIGLIANO N. 82,11
1337,VIA CUTIGLIANO N. 82,11
1338,VIA PIEVE FOSCIANA N. 6,11
1339,VIA PIEVE FOSCIANA N. 6,11
1340,VIA PIEVE FOSCIANA N. 6,11
1341,VIA PIEVE FOSCIANA N. 6,11
1342,VIA PIEVE FOSCIANA N. 6,11
1343,VIA PIEVE FOSCIANA N. 6,11
1344,VIA GREVE N. 105,11
1345,VIA GREVE N. 105,11
1346,VIA PIEVE FOSCIANA N. 6,11
1347,VIA GREVE N. 105,11
1348,VIA GREVE N. 105,11
1349,VIA GREVE N. 105,11
1350,VIA GREVE N. 105,11
1351,VIA GREVE N. 105,11
1352,VIA GREVE N. 105,11
1353,VIA GREVE N. 105,11
1354,VIA GREVE N. 105,11
1355,VIA GREVE N. 105,11
1356,VIA ETTORE PALADINI N. 12,11
1357,VIA ETTORE PALADINI N. 12,11
1358,VIA ETTORE PALADINI N. 12,11
1359,VIA ETTORE PALADINI N. 12,11
1360,VIALE DI VIGNA PIA N. 120,11
1361,VIALE DI VIGNA PIA N. 120,11
1362,VIALE DI VIGNA PIA N. 120,11
1363,VIALE DI VIGNA PIA N. 120,11
1364,VIALE DI VIGNA PIA N. 120,11
1365,VIALE DI VIGNA PIA N. 120,11
1366,VIA LUIGI SOLIDATI TIBURZI N. 2,11
1367,VIA LUIGI SOLIDATI TIBURZI N. 2,11
1368,VIA LUIGI SOLIDATI TIBURZI N. 2,11
1369,VIA LUIGI SOLIDATI TIBURZI N. 2,11
1370,VIA LUIGI SOLIDATI TIBURZI N. 2,11
1371,VIA LUIGI SOLIDATI TIBURZI N. 2,11
1372,VIA LUIGI SOLIDATI TIBURZI N. 2,11
1373,VIA IGNAZIO RIBOTTI N. 71,11
1374,VIA IGNAZIO RIBOTTI N. 71,11
1375,VIA IGNAZIO RIBOTTI N. 71,11
1376,VIA IGNAZIO RIBOTTI N. 71,11
1377,VIA IGNAZIO RIBOTTI N. 71,11
1378,VIA IGNAZIO RIBOTTI N. 71,11
1379,VIA FRANCESCO SAVERIO BENUCCI N. 32,11
1380,VIA FRANCESCO SAVERIO BENUCCI N. 32,11
1381,VIA FRANCESCO SAVERIO BENUCCI N. 32,11
1382,VIA FRANCESCO SAVERIO BENUCCI N. 32,11
1383,VIA NAPOLEONE PARBONI N. 9,12
1384,VIA ANTON GIULIO BARRILI N. 13,12
1385,VIA NAPOLEONE PARBONI N. 9,12
1386,VIA NAPOLEONE PARBONI N. 9,12
1387,VIA NAPOLEONE PARBONI N. 9,12
1388,VIA NAPOLEONE PARBONI N. 9,12
1389,VIA NAPOLEONE PARBONI N. 9,12
1390,VIA ANTON GIULIO BARRILI N. 13,12
1391,VIA ANTON GIULIO BARRILI N. 13,12
1392,VIA ANTON GIULIO BARRILI N. 13,12
1393,VIA ANTON GIULIO BARRILI N. 13,12
1394,VIA ANTON GIULIO BARRILI N. 13,12
1395,VIA ANTON GIULIO BARRILI N. 13,12
1396,VIA ANTON GIULIO BARRILI N. 13,12
1397,VIALE DI VILLA PAMPHILI N. 7,12
1398,VIALE DI VILLA PAMPHILI N. 7,12
1399,VIALE DI VILLA PAMPHILI N. 7,12
1400,VIALE DI VILLA PAMPHILI N. 7,12
1401,VIALE DI VILLA PAMPHILI N. 7,12
1402,VIALE DI VILLA PAMPHILI N. 7,12
1403,VIALE DI VILLA PAMPHILI N. 7,12
1404,VIA FONTEIANA N. 111,12
1405,VIALE DI VILLA PAMPHILI N. 94,12
1406,VIALE DI VILLA PAMPHILI N. 94,12
1407,VIALE DI VILLA PAMPHILI N. 94,12
1408,VIA FONTEIANA N. 168,12
1409,VIA FONTEIANA N. 168,12
1410,VIA FONTEIANA N. 168,12
1411,VIA FONTEIANA N. 168,12
1412,VIA DI DONNA OLIMPIA N. 45,12
1413,VIA DI DONNA OLIMPIA N. 45,12
1414,VIA DI DONNA OLIMPIA N. 45,12
1415,LARGO FRANCO BIGNOTTI N. 3,9
1416,VIA DI DONNA OLIMPIA N. 45,12
1417,VIA DI DONNA OLIMPIA N. 45,12
1418,VIA FONTEIANA N. 117,12
1419,VIA FONTEIANA N. 117,12
1420,VIA FONTEIANA N. 117,12
1421,VIA FONTEIANA N. 117,12
1422,VIA FONTEIANA N. 117,12
1423,VIA FONTEIANA N. 117,12
1424,VIA FONTEIANA N. 111,12
1425,VIA FONTEIANA N. 111,12
1426,VIALE DI VILLA PAMPHILI N. 94,12
1427,VIA FONTEIANA N. 111,12
1428,LARGO ALESSANDRINA RAVIZZA N. 4,12
1429,LARGO ALESSANDRINA RAVIZZA N. 4,12
1430,LARGO ALESSANDRINA RAVIZZA N. 4,12
1431,LARGO ALESSANDRINA RAVIZZA N. 2,12
1432,LARGO ALESSANDRINA RAVIZZA N. 2,12
1433,LARGO ALESSANDRINA RAVIZZA N. 2,12
1434,LARGO ALESSANDRINA RAVIZZA N. 2,12
1435,LARGO ALESSANDRINA RAVIZZA N. 2,12
1436,LARGO ALESSANDRINA RAVIZZA N. 2,12
1437,VIA ALESSANDRO CRIVELLI N. 24,12
1438,VIA ALESSANDRO CRIVELLI N. 24,12
1439,VIA ALESSANDRO CRIVELLI N. 24,12
1440,VIA ALESSANDRO CRIVELLI N. 24,12
1441,VIA ALESSANDRO CRIVELLI N. 24,12
1442,VIA GIOVANNI DE CALVI N. 40,12
1443,VIA GIOVANNI DE CALVI N. 40,12
1444,VIA GIOVANNI DE CALVI N. 40,12
1445,VIA GIOVANNI DE CALVI N. 40,12
1446,VIA GIOVANNI DE CALVI N. 40,12
1447,PIAZZA CARLO FORLANINI N. 8,12
1448,PIAZZA CARLO FORLANINI N. 8,12
1449,PIAZZA CARLO FORLANINI N. 8,12
1450,PIAZZA CARLO FORLANINI N. 8,12
1451,PIAZZA CARLO FORLANINI N. 8,12
1452,PIAZZA CARLO FORLANINI N. 8,12
1453,PIAZZA CARLO FORLANINI N. 8,12
1454,VIA FRANCESCO VALAGUSSA N. 28,12
1455,VIA FRANCESCO VALAGUSSA N. 28,12
1456,VIA FRANCESCO VALAGUSSA N. 28,12
1457,VIA FRANCESCO VALAGUSSA N. 28,12
1458,VIA FRANCESCO VALAGUSSA N. 28,12
1459,VIA DEL CASALETTO N. 597,12
1460,VIA DEL CASALETTO N. 597,12
1461,VIA DEL CASALETTO N. 597,12
1462,VIA DEL CASALETTO N. 597,12
1463,VIA DEL CASALETTO N. 597,12
1464,VIA DEL CASALETTO N. 597,12
1465,PIAZZA CARLO FORLANINI N. 8,12
1466,PIAZZA CARLO FORLANINI N. 8,12
1467,PIAZZA CARLO FORLANINI N. 8,12
1468,VIA GIUSEPPE BAGNERA N. 64,11
1469,VIA GIUSEPPE BAGNERA N. 64,11
1470,VIA GIUSEPPE BAGNERA N. 64,11
1471,VIA GIUSEPPE BAGNERA N. 64,11
1472,VIA DELLE SETTE CHIESE N. 259,8
1473,VIA DELLE SETTE CHIESE N. 259,8
1474,VIA DELLE SETTE CHIESE N. 259,8
1475,VIA DELLE SETTE CHIESE N. 259,8
1476,VIA DELLE SETTE CHIESE N. 259,8
1477,VIA DELLE SETTE CHIESE N. 259,8
1478,VIALE CARLO TOMMASO ODESCALCHI N. 75,8
1479,VIALE CARLO TOMMASO ODESCALCHI N. 75,8
1480,VIALE CARLO TOMMASO ODESCALCHI N. 75,8
1481,VIALE CARLO TOMMASO ODESCALCHI N. 75,8
1482,VIALE CARLO TOMMASO ODESCALCHI N. 75,8
1483,VIALE CARLO TOMMASO ODESCALCHI N. 71,8
1484,VIALE CARLO TOMMASO ODESCALCHI N. 71,8
1485,VIALE CARLO TOMMASO ODESCALCHI N. 71,8
1486,VIALE CARLO TOMMASO ODESCALCHI N. 71,8
1487,VIALE CARLO TOMMASO ODESCALCHI N. 71,8
1488,VIALE CARLO TOMMASO ODESCALCHI N. 71,8
1489,VIALE CARLO TOMMASO ODESCALCHI N. 71,8
1490,VIALE CARLO TOMMASO ODESCALCHI N. 71,8
1491,VIA ARISTIDE LEONORI N. 74,8
1492,VIA ARISTIDE LEONORI N. 74,8
1493,VIA ARISTIDE LEONORI N. 74,8
1494,VIA ARISTIDE LEONORI N. 74,8
1495,VIA POGGIO AMENO N. 23,8
1496,VIA POGGIO AMENO N. 23,8
1497,VIA POGGIO AMENO N. 23,8
1498,VIA SALVATORE DI GIACOMO N. 13,8
1499,VIA SALVATORE DI GIACOMO N. 13,8
1500,VIA SALVATORE DI GIACOMO N. 13,8
1501,VIA SALVATORE DI GIACOMO N. 13,8
1502,VIA SALVATORE DI GIACOMO N. 13,8
1503,VIA SALVATORE DI GIACOMO N. 13,8
1504,VIA SALVATORE DI GIACOMO N. 13,8
1505,VIA SALVATORE DI GIACOMO N. 13,8
1506,VIA BENEDETTO CROCE N. 48,8
1507,VIA BENEDETTO CROCE N. 48,8
1508,VIA BENEDETTO CROCE N. 48,8
1509,VIA BENEDETTO CROCE N. 48,8
1510,VIALE DEL TINTORETTO N. 371,8
1511,VIALE DEL TINTORETTO N. 371,8
1512,VIALE DEL TINTORETTO N. 371,8
1513,VIALE DEL TINTORETTO N. 371,8
1514,VIALE DEL TINTORETTO N. 371,8
1515,VIALE DEL TINTORETTO N. 371,8
1516,VIALE DEL TINTORETTO N. 371,8
1517,VIA ANDREA DI BONAIUTO N. 16,8
1518,VIA ANDREA DI BONAIUTO N. 16,8
1519,VIA ANDREA DI BONAIUTO N. 16,8
1520,VIA ANDREA DI BONAIUTO N. 16,8
1521,VIA ANDREA DI BONAIUTO N. 16,8
1522,VIALE ERMINIO SPALLA N. 36,8
1523,VIALE ERMINIO SPALLA N. 36,8
1524,VIALE ERMINIO SPALLA N. 36,8
1525,VIALE ERMINIO SPALLA N. 36,8
1526,VIALE ERMINIO SPALLA N. 36,8
1527,VIA MARIO RIGAMONTI N. 10,8
1528,VIA MARIO RIGAMONTI N. 10,8
1529,VIA MARIO RIGAMONTI N. 10,8
1530,VIA MARIO RIGAMONTI N. 10,8
1531,VIA DI GROTTA PERFETTA N. 524,8
1532,VIA DI GROTTA PERFETTA N. 524,8
1533,VIA DI GROTTA PERFETTA N. 524,8
1534,VIA DI GROTTA PERFETTA N. 524,8
1535,VIA DI GROTTA PERFETTA N. 524,8
1536,VIA ANDREA MILLEVOI N. 800,8
1537,VIA DELLA FONTE MERAVIGLIOSA N. 79,9
1538,VIA DELLA FONTE MERAVIGLIOSA N. 79,9
1539,VIA DELLA FONTE MERAVIGLIOSA N. 79,9
1540,VIA DELLA FONTE MERAVIGLIOSA N. 79,9
1541,VIA UGO INCHIOSTRI N. 108,9
1542,VIA UGO INCHIOSTRI N. 108,9
1543,VIA UGO INCHIOSTRI N. 108,9
1544,VIA UGO INCHIOSTRI N. 108,9
1545,VIA DEI CORAZZIERI N. 110,9
1546,VIA DEI CORAZZIERI N. 110,9
1547,VIA DEI CORAZZIERI N. 110,9
1548,VIA DEI CORAZZIERI N. 110,9
1549,VIA DEI CORAZZIERI N. 110,9
1550,VIA DELLA DIVISIONE TORINO N. 119,9
1551,VIA DELLA DIVISIONE TORINO N. 119,9
1552,VIA DELLA DIVISIONE TORINO N. 119,9
1553,VIA DELLA DIVISIONE TORINO N. 119,9
1554,VIA DELLA DIVISIONE TORINO N. 119,9
1555,PIAZZA LODOVICO CERVA N. 45,9
1556,PIAZZA LODOVICO CERVA N. 45,9
1557,PIAZZA LODOVICO CERVA N. 45,9
1558,PIAZZA LODOVICO CERVA N. 45,9
1559,PIAZZA LODOVICO CERVA N. 45,9
1560,VIA SANTI SAVARINO N. 16,10
1561,VIALE DELLA CIVILTA' DEL LAVORO N. 4,9
1562,VIALE DELLA CIVILTA' DEL LAVORO N. 4,9
1563,VIALE DELLA CIVILTA' DEL LAVORO N. 4,9
1564,VIA DELL'ELETTRONICA N. 3,9
1565,VIA DELL'ELETTRONICA N. 3,9
1566,VIA DELL'ELETTRONICA N. 3,9
1567,VIALE AFRICA N. 109,9
1568,VIALE AFRICA N. 109,9
1569,VIALE AFRICA N. 109,9
1570,VIA GIUSEPPE D'AVARNA N. 11,11
1571,VIA GIUSEPPE D'AVARNA N. 11,11
1572,VIA GIUSEPPE D'AVARNA N. 11,11
1573,VIA DI S. PANTALEO CAMPANO N. 41,11
1574,VIA RUGANTINO N. 88,7
1575,VIA DI S. PANTALEO CAMPANO N. 41,11
1576,VIA DI S. PANTALEO CAMPANO N. 41,11
1577,VIA DI S. PANTALEO CAMPANO N. 41,11
1578,VIA MARCO TULLIO ZANZUCCHI N. 21,11
1579,VIA MARCO TULLIO ZANZUCCHI N. 21,11
1580,VIA MARCO TULLIO ZANZUCCHI N. 21,11
1581,VIA MASSA MARITTIMA N. 1,11
1582,VIA MASSA MARITTIMA N. 1,11
1583,VIA MASSA MARITTIMA N. 1,11
1584,VIA MASSA MARITTIMA N. 1,11
1585,VIA MASSA MARITTIMA N. 1,11
1586,VIA DEL MONTE DELLE CAPRE N. 37,11
1587,VIA DEL MONTE DELLE CAPRE N. 37,11
1588,VIA DEL MONTE DELLE CAPRE N. 37,11
1589,VIA DEL MONTE DELLE CAPRE N. 37,11
1590,VIA DEL MONTE DELLE CAPRE N. 37,11
1591,VIA DEL MONTE DELLE CAPRE N. 37,11
1592,VIA DELL'ORATORIO DAMASIANO N. 20,11
1593,VIA DELL'ORATORIO DAMASIANO N. 20,11
1594,VIA DELL'ORATORIO DAMASIANO N. 20,11
1595,VIA DELL'ORATORIO DAMASIANO N. 20,11
1596,VIA DELL'ORATORIO DAMASIANO N. 20,11
1597,VIA PORTUENSE N. 745,11
1598,VIA PORTUENSE N. 745,11
1599,VIA PORTUENSE N. 745,11
1600,VIA PORTUENSE N. 745,11
1601,VIA FRANCESCO SAVERIO BENUCCI N. 32,11
1602,VIA FRANCESCO SAVERIO BENUCCI N. 32,11
1603,VIA ANDREA MILLEVOI N. 800,9
1604,VIA ANDREA MILLEVOI N. 800,8
1605,LARGO DINO BUZZATI N. 15,9
1606,LARGO DINO BUZZATI N. 15,9
1607,LARGO DINO BUZZATI N. 15,9
1608,LARGO DINO BUZZATI N. 15,9
1609,LARGO DINO BUZZATI N. 15,9
1610,LARGO DINO BUZZATI N. 15,9
1611,VIA LAURENTINA N. 710,9
1612,VIA LAURENTINA N. 710,9
1613,VIA LAURENTINA N. 710,9
1614,VIA LAURENTINA N. 710,9
1615,VIA LAURENTINA N. 710,9
1616,VIA LAURENTINA N. 710,9
1617,PIAZZALE ELSA MORANTE N. 9,9
1618,PIAZZALE ELSA MORANTE N. 9,9
1619,PIAZZALE ELSA MORANTE N. 9,9
1620,VIA BRUNO DE FINETTI N. 170B,9
1621,PIAZZALE ELSA MORANTE N. 9,9
1622,PIAZZALE ELSA MORANTE N. 9,9
1623,VIA CARLO EMILIO GADDA N. 80,9
1624,VIA S.S. AUDIFACE ED ABACUC N. 41,14
1625,VIA CARLO EMILIO GADDA N. 80,9
1626,VIA CARLO EMILIO GADDA N. 80,9
1627,VIA CARLO EMILIO GADDA N. 80,9
1628,VIA LAURENTINA N. 710,9
1629,VIA CARLO EMILIO GADDA N. 80,9
1630,VIA DELLE COSTELLAZIONI N. 369,9
1631,VIA DELLE COSTELLAZIONI N. 369,9
1632,VIA DELLE COSTELLAZIONI N. 369,9
1633,VIA DELLE COSTELLAZIONI N. 369,9
1634,VIA DELLE COSTELLAZIONI N. 369,9
1635,VIA DELLE COSTELLAZIONI N. 369,9
1636,LARGO GIORGIO LABO' N. 1,9
1637,LARGO GIORGIO LABO' N. 1,9
1638,LARGO GIORGIO LABO' N. 1,9
1639,LARGO GIORGIO LABO' N. 1,9
1640,VIA DELLE COSTELLAZIONI N. 369,9
1641,VIALE CAMILLO SABATINI N. 111,9
1642,VIALE CAMILLO SABATINI N. 111,9
1643,VIALE DELL'OCEANO INDIANO N. 64,9
1644,VIALE DELL'OCEANO INDIANO N. 64,9
1645,VIALE DELL'OCEANO INDIANO N. 64,9
1646,VIALE CAMILLO SABATINI N. 111,9
1647,VIALE CAMILLO SABATINI N. 111,9
1648,PIAZZALE EZIO TARANTELLI N. 10,9
1649,PIAZZALE EZIO TARANTELLI N. 10,9
1650,VIA DELLE COSTELLAZIONI N. 369,9
1651,VIA CINA N. 4,9
1652,VIA CINA N. 4,9
1653,VIA CINA N. 4,9
1654,VIA CINA N. 4,9
1655,VIA CINA N. 4,9
1656,VIA FIUME GIALLO N. 45,9
1657,VIA FIUME GIALLO N. 45,9
1658,VIA FIUME GIALLO N. 45,9
1659,VIA FIUME GIALLO N. 45,9
1660,VIA FIUME GIALLO N. 45,9
1661,VIALE BEATA VERGINE DEL CARMELO N. 35,9
1662,VIALE BEATA VERGINE DEL CARMELO N. 35,9
1663,VIALE BEATA VERGINE DEL CARMELO N. 35,9
1664,VIALE BEATA VERGINE DEL CARMELO N. 35,9
1665,VIALE BEATA VERGINE DEL CARMELO N. 35,9
1666,VIALE BEATA VERGINE DEL CARMELO N. 35,9
1667,VIA GIOVANNI FRIGNANI N. 97,9
1668,VIA GIOVANNI FRIGNANI N. 97,9
1669,VIA GIOVANNI FRIGNANI N. 97,9
1670,VIA GIOVANNI FRIGNANI N. 97,9
1671,VIA GIOVANNI FRIGNANI N. 97,9
1672,VIA GIOVANNI FRIGNANI N. 97,9
1673,VIA CARLO AVOLIO N. 91,9
1674,VIA CARLO AVOLIO N. 91,9
1675,VIA CARLO AVOLIO N. 91,9
1676,VIA CARLO AVOLIO N. 91,9
1677,VIA CARLO AVOLIO N. 91,9
1678,VIA CARLO AVOLIO N. 91,9
1679,VIA PAOLO RENZI N. 47,9
1680,VIA PAOLO RENZI N. 47,9
1681,VIA PAOLO RENZI N. 47,9
1682,VIA PAOLO RENZI N. 47,9
1683,VIA PAOLO RENZI N. 47,9
1684,VIA PAOLO RENZI N. 47,9
1685,VIA SANTI SAVARINO N. 16,9
1686,VIA CARLO EMILIO GADDA N. 80,9
1687,VIA SANTI SAVARINO N. 16,9
1688,VIA SANTI SAVARINO N. 16,9
1689,VIA ROMOLO GIGLIOZZI N. 35,9
1690,VIA ROMOLO GIGLIOZZI N. 35,9
1691,VIA ROMOLO GIGLIOZZI N. 35,9
1692,VIA ROMOLO GIGLIOZZI N. 35,9
1693,VIA ROMOLO GIGLIOZZI N. 35,9
1694,VIA ORAZIO CONSOLE N. 35,9
1695,VIA ORAZIO CONSOLE N. 35,9
1696,VIA ORAZIO CONSOLE N. 35,9
1697,VIA ORAZIO CONSOLE N. 35,9
1698,VIA SANTI SAVARINO N. 16,9
1699,VIA DELL'ARCO DEL MONTE N. 99,1
1700,VIA GIULIA N. 25,1
1701,VIA GIULIA N. 25,1
1702,VIA DELLA PALOMBELLA N. 4,1
1703,VIA DELLA PALOMBELLA N. 4,1
1704,VIA DELLA PALOMBELLA N. 4,1
1705,PIAZZA DEL COLLEGIO ROMANO N. 4,1
1706,PIAZZA DEL COLLEGIO ROMANO N. 4,1
1707,VIA GIULIA N. 25,1
1708,VIA GIULIA N. 25,1
1709,VIA DELLA PAGLIA N. 50,1
1710,VIA DELLA PAGLIA N. 50,1
1711,VIA NICOLA FABRIZI N. 7,1
1712,VIA NICOLA FABRIZI N. 7,1
1713,VIA DELLA PAGLIA N. 50,1
1714,VIA DELLA MADONNA DELL'ORTO N. 2,1
1715,VIA DELLA MADONNA DELL'ORTO N. 2,1
1716,VIA DEI GENOVESI N. 30C,1
1717,VIA DELLA MADONNA DELL'ORTO N. 2,1
1718,VIA DEI GENOVESI N. 30C,1
1719,VIA GABRIELE CAMOZZI N. 4,1
1720,VIA GABRIELE CAMOZZI N. 4,1
1721,VIA GABRIELE CAMOZZI N. 4,1
1722,VIA DI S. MARIA ALLE FORNACI N. 3,13
1723,VIA DI S. MARIA ALLE FORNACI N. 3,13
1724,VIA DI S. MARIA ALLE FORNACI N. 3,13
1725,VIA DI S. MARIA ALLE FORNACI N. 3,13
1726,VIA DI S. MARIA ALLE FORNACI N. 3,13
1727,VIA DI S. MARIA ALLE FORNACI N. 3,13
1728,PIAZZA FRANCESCO BORGONGINI DUCA N. 5,13
1729,PIAZZA FRANCESCO BORGONGINI DUCA N. 5,13
1730,VIA PONZONE N. 23,14
1731,PIAZZA FRANCESCO BORGONGINI DUCA N. 5,13
1732,PIAZZA FRANCESCO BORGONGINI DUCA N. 5,13
1733,PIAZZA FRANCESCO BORGONGINI DUCA N. 5,13
1734,PIAZZA FRANCESCO BORGONGINI DUCA N. 5,13
1735,PIAZZA FRANCESCO BORGONGINI DUCA N. 5,13
1736,LARGO S. PIO V N. 20,13
1737,LARGO S. PIO V N. 20,13
1738,LARGO S. PIO V N. 20,13
1739,LARGO S. PIO V N. 20,13
1740,LARGO S. PIO V N. 20,13
1741,LARGO S. PIO V N. 20,13
1742,LARGO S. PIO V N. 21,13
1743,LARGO S. PIO V N. 21,13
1744,LARGO S. PIO V N. 21,13
1745,LARGO S. PIO V N. 21,13
1746,LARGO S. PIO V N. 21,13
1747,LARGO S. PIO V N. 21,13
1748,VIA GIANNOZZO MANETTI N. 6,13
1749,VIA GIANNOZZO MANETTI N. 6,13
1750,VIA GIANNOZZO MANETTI N. 6,13
1751,VIA GIANNOZZO MANETTI N. 6,13
1752,VIA GIANNOZZO MANETTI N. 6,13
1753,VIA ETTORE STAMPINI N. 38,13
1754,VIA ETTORE STAMPINI N. 38,13
1755,VIA FRANCESCO CILEA N. 269,10
1756,VIA ETTORE STAMPINI N. 38,13
1757,VIA DON PRIMO MAZZOLARI N. 323,6
1758,VIA FRANCESCO ALBERGOTTI N. 37,13
1759,VIA FRANCESCO ALBERGOTTI N. 37,13
1760,VIA FRANCESCO ALBERGOTTI N. 37,13
1761,VIA FRANCESCO ALBERGOTTI N. 37,13
1762,VIA ITALO SVEVO N. 31,3
1763,VIA GIANNOZZO MANETTI N. 6,13
1764,VIA LUIGI RIZZO N. 1,1
1765,VIA GIORDANO BRUNO N. 2,1
1766,VIA GIORDANO BRUNO N. 2,1
1767,VIA GIORDANO BRUNO N. 2,1
1768,VIA ANDREA DORIA N. 18,1
1769,VIA ANDREA DORIA N. 18,1
1770,VIA ANDREA DORIA N. 18,1
1771,VIA GIORDANO BRUNO N. 4,1
1772,VIA GIORDANO BRUNO N. 4,1
1773,VIA LUIGI RIZZO N. 1,1
1774,VIA LUIGI RIZZO N. 1,1
1775,VIA LUIGI RIZZO N. 1,1
1776,VIA LUIGI RIZZO N. 1,1
1777,VIA LUIGI RIZZO N. 1,1
1778,VIA GIORDANO BRUNO N. 2,1
1779,VIA GIORDANO BRUNO N. 2,1
1780,VIA GIORDANO BRUNO N. 2,1
1781,VIA LUIGI RIZZO N. 1,1
1782,VIA GIORDANO BRUNO N. 4,1
1783,VIA LATTANZIO N. 10,14
1784,VIA LATTANZIO N. 10,14
1785,VIA LATTANZIO N. 10,14
1786,VIA LATTANZIO N. 10,14
1787,VIA APPIANO N. 15,14
1788,VIA APPIANO N. 15,14
1789,VIA APPIANO N. 15,14
1790,VIA APPIANO N. 15,14
1791,VIA APPIANO N. 15,14
1792,VIA APPIANO N. 15,14
1793,VIA DELLA BALDUINA N. 279,14
1794,VIA DELLA BALDUINA N. 279,14
1795,VIA DELLA BALDUINA N. 279,14
1796,VIA DELLA BALDUINA N. 279,14
1797,VIA DELLA BALDUINA N. 279,14
1798,VIA DELLA BALDUINA N. 279,14
1799,VIA GIANCARLO BITOSSI N. 5,14
1800,VIA GIANCARLO BITOSSI N. 5,14
1801,VIA GIANCARLO BITOSSI N. 5,14
1802,VIA GIANCARLO BITOSSI N. 5,14
1803,VIA GIANCARLO BITOSSI N. 5,14
1804,VIA GIANCARLO BITOSSI N. 5,14
1805,VIA DEL PARCO DELLA VITTORIA N. 30,14
1806,VIA DEL PARCO DELLA VITTORIA N. 30,14
1807,VIA DEL PARCO DELLA VITTORIA N. 30,14
1808,VIA DEL PARCO DELLA VITTORIA N. 30,14
1809,VIA TRIONFALE N. 7333,14
1810,VIA SUOR CELESTINA DONATI N. 146,14
1811,VIA ETTORE STAMPINI N. 38,14
1812,LARGO DELLE MARIANNE N. 10,10
1813,LARGO DELLE MARIANNE N. 10,10
1814,LARGO DELLE MARIANNE N. 10,10
1815,LARGO DELLE MARIANNE N. 10,10
1816,LARGO DELLE MARIANNE N. 10,10
1817,LARGO DELLE MARIANNE N. 10,10
1818,VIA DELLE AZZORRE N. 314,10
1819,VIA DELLE AZZORRE N. 314,10
1820,VIA DELLE AZZORRE N. 314,10
1821,VIA DELLE AZZORRE N. 314,10
1822,VIA DELLE AZZORRE N. 314,10
1823,VIA DELLE AZZORRE N. 314,10
1824,CORSO DUCA DI GENOVA N. 135,10
1825,CORSO DUCA DI GENOVA N. 135,10
1826,CORSO DUCA DI GENOVA N. 135,10
1827,CORSO DUCA DI GENOVA N. 135,10
1828,CORSO DUCA DI GENOVA N. 135,10
1829,CORSO DUCA DI GENOVA N. 135,10
1830,CORSO DUCA DI GENOVA N. 137,10
1831,CORSO DUCA DI GENOVA N. 137,10
1832,CORSO DUCA DI GENOVA N. 137,10
1833,CORSO DUCA DI GENOVA N. 137,10
1834,CORSO DUCA DI GENOVA N. 137,10
1835,CORSO DUCA DI GENOVA N. 137,10
1836,VIA PIETRO ERCOLE VISCONTI N. 5,10
1837,VIA PIETRO ERCOLE VISCONTI N. 5,10
1838,VIA PIETRO ERCOLE VISCONTI N. 5,10
1839,VIA PIETRO ERCOLE VISCONTI N. 5,10
1840,VIA DELL'IDROSCALO N. 88,10
1841,VIA DELL'IDROSCALO N. 88,10
1842,VIA DELL'IDROSCALO N. 88,10
1843,VIA DELL'IDROSCALO N. 88,10
1844,VIA DELL'IDROSCALO N. 88,10
1845,VIA DELL'IDROSCALO N. 88,10
1846,VIA DELL'IDROSCALO N. 88,10
1847,VIA FRANCESCO CILEA N. 269,10
1848,VIA DELL'IDROSCALO N. 88,10
1849,VIA DELL'IDROSCALO N. 88,10
1850,VIA DELL'IDROSCALO N. 88,10
1851,VIA PIETRO ERCOLE VISCONTI N. 5,10
1852,VIA PIETRO ERCOLE VISCONTI N. 5,10
1853,VIA DELLE QUINQUEREMI N. 19,10
1854,VIA DELLE QUINQUEREMI N. 19,10
1855,VIA DELLE QUINQUEREMI N. 19,10
1856,VIA DELLE RANDE N. 22,10
1857,VIA DELLE RANDE N. 22,10
1858,VIA DELLE RANDE N. 22,10
1859,VIA DELLE RANDE N. 22,10
1860,VIA DELLE RANDE N. 22,10
1861,VIA MAR DEI CARAIBI N. 30,10
1862,VIA MAR DEI CARAIBI N. 30,10
1863,VIA MAR DEI CARAIBI N. 30,10
1864,VIA MAR DEI CARAIBI N. 30,10
1865,VIA MAR DEI CARAIBI N. 30,10
1866,VIALE DI CASTEL PORZIANO N. 524,10
1867,VIA ANGELO OLIVIERI N. 141,10
1868,VIA ANGELO OLIVIERI N. 141,10
1869,VIA ANGELO OLIVIERI N. 141,10
1870,VIA ANGELO OLIVIERI N. 141,10
1871,VIA ANGELO OLIVIERI N. 141,10
1872,VIA ANGELO OLIVIERI N. 141,10
1873,VIA FEDERICO PAOLINI N. 196,10
1874,VIA FEDERICO PAOLINI N. 196,10
1875,VIA FEDERICO PAOLINI N. 196,10
1876,VIA FEDERICO PAOLINI N. 196,10
1877,VIA FEDERICO PAOLINI N. 196,10
1878,VIA CAPO PALINURO N. 74,10
1879,VIA CAPO PALINURO N. 74,10
1880,VIA CAPO PALINURO N. 74,10
1881,VIA CAPO PALINURO N. 74,10
1882,VIA CAPO PALINURO N. 74,10
1883,VIA CAPO PALINURO N. 74,10
1884,VIA DELLE QUINQUEREMI N. 19,10
1885,VIA DEI TORRIANI N. 44,12
1886,VIA DEI TORRIANI N. 44,12
1887,VIA DEI TORRIANI N. 44,12
1888,VIA DEI TORRIANI N. 44,12
1889,VIA DEI TORRIANI N. 44,12
1890,VIA DELLA PISANA N. 168,12
1891,VIA DELLA PISANA N. 168,12
1892,VIA DELLA PISANA N. 168,12
1893,VIA DELLA PISANA N. 168,12
1894,VIA DELLA PISANA N. 168,12
1895,VIA DELLA PISANA N. 306,12
1896,VIA DELLA PISANA N. 306,12
1897,VIA DELLA PISANA N. 306,12
1898,VIA DELLA PISANA N. 306,12
1899,VIA DELLA PISANA N. 357,12
1900,VIA DELLA PISANA N. 357,12
1901,VIA DELLA PISANA N. 357,12
1902,VIA DI BRAVETTA N. 336,12
1903,VIA DI BRAVETTA N. 336,12
1904,VIA DI BRAVETTA N. 336,12
1905,VIA DI BRAVETTA N. 336,12
1906,VIA DI BRAVETTA N. 336,12
1907,VIA DI BRAVETTA N. 336,12
1908,VIA DI BRAVETTA N. 383,12
1909,VIALE DI CASTEL PORZIANO N. 524,10
1910,VIA DI BRAVETTA N. 383,12
1911,VIA DI BRAVETTA N. 383,12
1912,VIA DI BRAVETTA N. 383,12
1913,VIA DI BRAVETTA N. 383,12
1914,VIA DI BRAVETTA N. 545,12
1915,VIA DI BRAVETTA N. 545,12
1916,VIA DI BRAVETTA N. 545,12
1917,VIA DI BRAVETTA N. 545,12
1918,VIA DI BRAVETTA N. 545,12
1919,VIA DI BRAVETTA N. 545,12
1920,VIA DELLA CASETTA MATTEI N. 269,11
1921,VIA DELLA CASETTA MATTEI N. 269,11
1922,VIA DI DRAGONE N. 443,10
1923,VIA DELLA CASETTA MATTEI N. 269,11
1924,VIA DELLA CASETTA MATTEI N. 279,11
1925,VIA DELLA CASETTA MATTEI N. 279,11
1926,VIA DELLA CASETTA MATTEI N. 279,11
1927,VIA MARINO MAZZACURATI N. 86,11
1928,VIA MARINO MAZZACURATI N. 86,11
1929,VIA MARINO MAZZACURATI N. 86,11
1930,VIA FRANCESCO CILEA N. 269,10
1931,VIA MARINO MAZZACURATI N. 86,11
1932,VIA MARINO MAZZACURATI N. 86,11
1933,VIA DI CASALOTTI N. 87,14
1934,VIA PORTUENSE N. 745,11
1935,VIA PORTUENSE N. 745,11
1936,VIA PORTUENSE N. 745,11
1937,VIA DIOMEDE MARVASI N. 11,13
1938,VIA DIOMEDE MARVASI N. 11,13
1939,VIA DIOMEDE MARVASI N. 11,13
1940,VIA DIOMEDE MARVASI N. 11,13
1941,CIRCONVALLAZIONE CORNELIA N. 185,13
1942,CIRCONVALLAZIONE CORNELIA N. 185,13
1943,CIRCONVALLAZIONE CORNELIA N. 185,13
1944,CIRCONVALLAZIONE CORNELIA N. 185,13
1945,VIA GIORGIO DEL VECCHIO N. 24,13
1946,VIA GIORGIO DEL VECCHIO N. 24,13
1947,VIA GIORGIO DEL VECCHIO N. 24,13
1948,VIA SORISO N. 41,13
1949,VIA SORISO N. 41,13
1950,VIA SORISO N. 41,13
1951,VIA PASQUALE II N. 237,13
1952,VIA CORNELIA N. 73,13
1953,VIA CORNELIA N. 73,13
1954,VIA CORNELIA N. 73,13
1955,VIA ENRICO BONDI N. 83,13
1956,VIA CORNELIA N. 73,13
1957,VIA CORNELIA N. 73,13
1958,VIA CORNELIA N. 73,13
1959,VIA ENRICO BONDI N. 83,13
1960,VIA ENRICO BONDI N. 83,13
1961,VIA ENRICO BONDI N. 83,13
1962,VIA ENRICO BONDI N. 83,13
1963,VIA ENRICO BONDI N. 83,13
1964,VIA SANTI SAVARINO N. 16,10
1965,VIA BEDOLLO N. 320,10
1966,VIA BEDOLLO N. 320,10
1967,VIA BEDOLLO N. 320,10
1968,VIA FRANCESCO CILEA N. 269,10
1969,VIA FRANCESCO CILEA N. 269,10
1970,VIA FRANCESCO CILEA N. 269,10
1971,VIALE DI CASTEL PORZIANO N. 524,10
1972,VIALE DI CASTEL PORZIANO N. 524,10
1973,LARGO FRANCO BIGNOTTI N. 3,9
1974,VIA DEL RISARO N. 34,9
1975,VIA DEL RISARO N. 34,9
1976,VIA DEL RISARO N. 34,9
1977,VIA DEL RISARO N. 34,9
1978,LARGO FRANCO BIGNOTTI N. 3,9
1979,VIA DI DRAGONE N. 443,10
1980,VIA DI DRAGONE N. 443,10
1981,VIA DI DRAGONE N. 443,10
1982,VIA DI DRAGONE N. 443,10
1983,VIA DI DRAGONE N. 443,10
1984,VIA DI DRAGONE N. 443,10
1985,VIALE ALESSANDRO RUSPOLI N. 80,10
1986,VIALE ALESSANDRO RUSPOLI N. 80,10
1987,VIALE ALESSANDRO RUSPOLI N. 80,10
1988,VIALE ALESSANDRO RUSPOLI N. 80,10
1989,VIALE ALESSANDRO RUSPOLI N. 80,10
1990,VIA NICOLA MASCARDI N. 11,10
1991,VIA NICOLA MASCARDI N. 11,10
1992,VIA NICOLA MASCARDI N. 11,10
1993,VIA NICOLA MASCARDI N. 11,10
1994,VIA NICOLA MASCARDI N. 11,10
1995,VIA COSTANTINO BESCHI N. 12,10
1996,VIA COSTANTINO BESCHI N. 12,10
1997,VIA GUIDO BIAGI N. 47,10
1998,VIA GUIDO BIAGI N. 47,10
1999,VIA GUIDO BIAGI N. 47,10
2000,VIA GUIDO BIAGI N. 47,10
2001,VIA PIERO GHERARDI N. 39,10
2002,VIA GUIDO BIAGI N. 47,10
2003,VIA GUIDO BIAGI N. 47,10
2004,VIA COSTANTINO BESCHI N. 12,10
2005,VIA COSTANTINO BESCHI N. 12,10
2006,VIA COSTANTINO BESCHI N. 12,10
2007,VIA COSTANTINO BESCHI N. 12,10
2008,VIA ORAZIO AMATO N. 65,10
2009,VIA ORAZIO AMATO N. 65,10
2010,VIA ORAZIO AMATO N. 65,10
2011,VIA ORAZIO AMATO N. 65,10
2012,VIA ORAZIO AMATO N. 65,10
2013,VIA TELEMACO SIGNORINI N. 78,10
2014,VIA TELEMACO SIGNORINI N. 78,10
2015,VIA TELEMACO SIGNORINI N. 78,10
2016,VIA TELEMACO SIGNORINI N. 78,10
2017,VIA TELEMACO SIGNORINI N. 78,10
2018,VIA EURIPIDE N. 15,10
2019,VIA EURIPIDE N. 15,10
2020,VIA EURIPIDE N. 15,10
2021,VIA EURIPIDE N. 15,10
2022,VIA STESICORO N. 115,10
2023,VIA STESICORO N. 115,10
2024,VIA STESICORO N. 115,10
2025,VIA STESICORO N. 115,10
2026,VIA ACHILLE FUNI N. 81,10
2027,VIA ACHILLE FUNI N. 81,10
2028,VIA ACHILLE FUNI N. 81,10
2029,VIA ACHILLE FUNI N. 81,10
2030,VIA ACHILLE FUNI N. 81,10
2031,VIA ACHILLE FUNI N. 81,10
2032,VIA ACHILLE FUNI N. 81,10
2033,VIA ACHILLE FUNI N. 81,10
2034,LARGO THEODOR HERZL N. 51,10
2035,LARGO THEODOR HERZL N. 51,10
2036,LARGO THEODOR HERZL N. 51,10
2037,LARGO THEODOR HERZL N. 51,10
2038,LARGO THEODOR HERZL N. 51,10
2039,VIA PIRGOTELE N. 20,10
2040,VIA PIRGOTELE N. 20,10
2041,VIA PIRGOTELE N. 20,10
2042,VIA PIRGOTELE N. 20,10
2043,VIA PIRGOTELE N. 20,10
2044,VIA PIRGOTELE N. 20,10
2045,VIA PIRGOTELE N. 20,10
2046,VIA PERICLE DUCATI N. 12,10
2047,VIA PERICLE DUCATI N. 12,10
2048,VIA PERICLE DUCATI N. 12,10
2049,VIA CAPO SPERONE N. 52,10
2050,VIA CAPO SPERONE N. 52,10
2051,VIA DELLE SALINE N. 4,10
2052,VIA DELLE SALINE N. 4,10
2053,VIA DELLE SALINE N. 4,10
2054,VIA FRANCESCO ORIOLI N. 38,10
2055,VIA FRANCESCO ORIOLI N. 38,10
2056,VIA FRANCESCO ORIOLI N. 38,10
2057,VIA DELL'ORATORIO DAMASIANO N. 20,11
2058,VIA PORTUENSE N. 1491,11
2059,VIA PORTUENSE N. 1491,11
2060,VIA PORTUENSE N. 1491,11
2061,VIA PORTUENSE N. 1493,11
2062,VIA PORTUENSE N. 1493,11
2063,VIA PORTUENSE N. 1491,11
2064,VIA DELLA PISANA N. 357,12
2065,VIA GAETANO SODINI N. 25,13
2066,VIA DEL CASALE DELLE PANTANELLE N. 15,13
2067,VIA DEL CASALE DELLE PANTANELLE N. 15,13
2068,VIA ILDEBRANDO DELLA GIOVANNA N. 125,12
2069,VIA ILDEBRANDO DELLA GIOVANNA N. 125,12
2070,VIA ILDEBRANDO DELLA GIOVANNA N. 125,12
2071,VIA ILDEBRANDO DELLA GIOVANNA N. 127,12
2072,VIA ILDEBRANDO DELLA GIOVANNA N. 127,12
2073,VIA ILDEBRANDO DELLA GIOVANNA N. 127,12
2074,VIA ILDEBRANDO DELLA GIOVANNA N. 127,12
2075,VIA ILDEBRANDO DELLA GIOVANNA N. 127,12
2076,VIA DI CASALOTTI N. 87,13
2077,VIA DI CASALOTTI N. 87,13
2078,VIA DI CASALOTTI N. 87,14
2079,VIA DI CASALOTTI N. 87,14
2080,VIA DI CASALOTTI N. 87,14
2081,VIA S.S. AUDIFACE ED ABACUC N. 41,14
2082,VIA S.S. AUDIFACE ED ABACUC N. 41,14
2083,VIA S.S. AUDIFACE ED ABACUC N. 41,14
2084,VIA S.S. AUDIFACE ED ABACUC N. 41,14
2085,VIA S.S. AUDIFACE ED ABACUC N. 41,14
2086,VIA DI CASALOTTI N. 87B,13
2087,VIA ORMEA N. 6,13
2088,VIA ORMEA N. 6,13
2089,VIA ORMEA N. 6,13
2090,VIA ORMEA N. 6,13
2091,VIA ORMEA N. 6,13
2092,VIA DI CASALOTTI N. 259,13
2093,VIA DI CASALOTTI N. 259,13
2094,VIA DI CASALOTTI N. 259,13
2095,VIA DI CASALOTTI N. 259,13
2096,VIA DI CASALOTTI N. 259,13
2097,VIA ILDEBRANDO DELLA GIOVANNA N. 127,13
2098,VIA DEL CASALE DELLE PANTANELLE N. 15,13
2099,VIA PONZONE N. 23,14
2100,VIA DI BOCCEA N. 1395,14
2101,VIA CEVA N. 248,14
2102,VIA CEVA N. 248,14
2103,VIA DEL LAVATORE N. 38,1
2104,VIA DEL PODERE TRIESTE N. 20,14
2105,VIA DEL LAVATORE N. 38,1
2106,VIA DEL LAVATORE N. 38,1
2107,PIAZZA DEL COLLEGIO ROMANO N. 4,1
2108,VIA DELLA PALOMBELLA N. 4,1
2109,VIA DI GESU' E MARIA N. 28,1
2110,VIA GIUSEPPE MEDAIL N. 31,6
2111,VIA DI GESU' E MARIA N. 28,1
2112,VIA DI GESU' E MARIA N. 28,1
2113,VIA DI GESU' E MARIA N. 28,1
2114,VIA GIULIA N. 25,1
2115,VIA DELLA RONDINELLA N. 2A,1
2116,VIA DELLA RONDINELLA N. 2A,1
2117,VIA DELLA RONDINELLA N. 2A,1
2118,VIA DELL'ARCO DEL MONTE N. 99,1
2119,CORSO VITTORIO EMANUELE II N. 217,1
2120,CORSO VITTORIO EMANUELE II N. 217,1
2121,VIA ENNIO QUIRINO VISCONTI N. 13,1
2122,VIA ENNIO QUIRINO VISCONTI N. 13,1
2123,VIA ENNIO QUIRINO VISCONTI N. 13,1
2124,VIA ENNIO QUIRINO VISCONTI N. 13,1
2125,VIA BOEZIO N. 1B,1
2126,VIA BOEZIO N. 1B,1
2127,VIA BOEZIO N. 1B,1
2128,VIA BOEZIO N. 1B,1
2129,VIA BOEZIO N. 1B,1
2130,VIA BOEZIO N. 1B,1
2131,VIA BOEZIO N. 1B,1
2132,VIA BOEZIO N. 1B,1
2133,VIA BOEZIO N. 1B,1
2134,VIA BOEZIO N. 1B,1
2135,VIA GABRIELE CAMOZZI N. 8,1
2136,VIA FLAMINIA N. 225,2
2137,VIA FLAMINIA N. 225,2
2138,VIA FLAMINIA N. 225,2
2139,VIALE PINTURICCHIO N. 71,2
2140,VIA FLAMINIA N. 225,2
2141,VIA FLAMINIA N. 225,2
2142,VIALE PINTURICCHIO N. 71,2
2143,VIALE PINTURICCHIO N. 71,2
2144,VIALE PINTURICCHIO N. 71,2
2145,VIALE PINTURICCHIO N. 71,2
2146,VIALE PINTURICCHIO N. 71,2
2147,VIA VENEZUELA N. 33,2
2148,VIA VENEZUELA N. 33,2
2149,VIA VENEZUELA N. 33,2
2150,VIA VENEZUELA N. 33,2
2151,VIA UMBERTO BOCCIONI N. 14,2
2152,VIA UMBERTO BOCCIONI N. 14,2
2153,VIA UMBERTO BOCCIONI N. 14,2
2154,VIA UMBERTO BOCCIONI N. 12,2
2155,VIA UMBERTO BOCCIONI N. 12,2
2156,VIA UMBERTO BOCCIONI N. 12,2
2157,VIA LOVANIO N. 13,2
2158,VIA LOVANIO N. 13,2
2159,VIA LOVANIO N. 13,2
2160,VIA PIETRO ANTONIO MICHELI N. 21,2
2161,VIA PIETRO ANTONIO MICHELI N. 21,2
2162,VIA PIETRO ANTONIO MICHELI N. 21,2
2163,VIA UMBERTO BOCCIONI N. 12,2
2164,VIA PIETRO ANTONIO MICHELI N. 21,2
2165,VIA PIETRO ANTONIO MICHELI N. 21,2
2166,VIA PIETRO ANTONIO MICHELI N. 29,2
2167,VIA PIETRO ANTONIO MICHELI N. 29,2
2168,VIA PIETRO ANTONIO MICHELI N. 29,2
2169,VIA PIETRO ANTONIO MICHELI N. 29,2
2170,VIA PIETRO ANTONIO MICHELI N. 29,2
2171,VIA TEVERE N. 22,2
2172,VIA TEVERE N. 22,2
2173,VIA TEVERE N. 22,2
2174,VIA TEVERE N. 22,2
2175,VIA TEVERE N. 22,2
2176,VIA TEVERE N. 22,2
2177,VIA BRENTA N. 26,2
2178,VIA NOVARA N. 24,2
2179,VIA NOVARA N. 24,2
2180,VIA NOVARA N. 24,2
2181,VIA NOVARA N. 24,2
2182,VIA CAMPANIA N. 63,2
2183,VIA GABRIELE CAMOZZI N. 4,1
2184,VIA GABRIELE CAMOZZI N. 4,1
2185,VIA TELEMACO SIGNORINI N. 78,10
2186,VIA GABRIELE CAMOZZI N. 4,1
2187,VIA GABRIELE CAMOZZI N. 4,1
2188,VIA ACHILLE FUNI N. 81,10
2189,VIA GABRIELE CAMOZZI N. 8,1
2190,VIA GABRIELE CAMOZZI N. 8,1
2191,VIA GABRIELE CAMOZZI N. 8,1
2192,VIA GABRIELE CAMOZZI N. 8,1
2193,VIA ANTONIO MORDINI N. 19,1
2194,VIA ANTONIO MORDINI N. 19,1
2195,VIA ANTONIO MORDINI N. 19,1
2196,VIA ANTONIO MORDINI N. 19,1
2197,VIA ANTONIO MORDINI N. 19,1
2198,PIAZZA GIUSEPPE MAZZINI N. 41,1
2199,PIAZZA GIUSEPPE MAZZINI N. 41,1
2200,PIAZZA GIUSEPPE MAZZINI N. 41,1
2201,PIAZZA GIUSEPPE MAZZINI N. 41,1
2202,VIA COL DI LANA N. 5,1
2203,VIA COL DI LANA N. 5,1
2204,VIA COL DI LANA N. 5,1
2205,VIA COL DI LANA N. 5,1
2206,VIA MONTE ZEBIO N. 35,1
2207,VIA MONTE ZEBIO N. 35,1
2208,VIA MONTE ZEBIO N. 35,1
2209,VIA MONTE ZEBIO N. 35,1
2210,VIA MONTE ZEBIO N. 35,1
2211,VIA DEL PARCO DELLA VITTORIA N. 30,1
2212,VIA DEL PARCO DELLA VITTORIA N. 30,1
2213,VIA TRIONFALE N. 7333,1
2214,VIA TRIONFALE N. 7333,15
2215,VIA DELLA MARATONA N. 23,15
2216,VIA DELLA MARATONA N. 23,15
2217,VIA DELLA MARATONA N. 23,15
2218,VIA DELLA MARATONA N. 23,15
2219,VIA DELLA MARATONA N. 23,15
2220,VIA DELLA MARATONA N. 23,15
2221,VIA GIACOMO MALVANO N. 16,15
2222,VIA GIACOMO MALVANO N. 16,15
2223,VIA GIACOMO MALVANO N. 16,15
2224,VIA GIACOMO MALVANO N. 16,15
2225,VIA ANTONIO SERRA N. 93,15
2226,VIA ANTONIO SERRA N. 93,15
2227,VIA ANTONIO SERRA N. 93,15
2228,VIA ANTONIO SERRA N. 93,15
2229,VIA ANTONIO SERRA N. 93,15
2230,VIA FRANCESCO SAVERIO NITTI N. 61,15
2231,VIA FRANCESCO SAVERIO NITTI N. 61,15
2232,VIA FRANCESCO SAVERIO NITTI N. 61,15
2233,VIA FRANCESCO SAVERIO NITTI N. 61,15
2234,VIA FRANCESCO SAVERIO NITTI N. 61,15
2235,VIA FRANCESCO SAVERIO NITTI N. 61,15
2236,VIA DEL PODERE TRIESTE N. 20,14
2237,VIA FRANCESCO SAVERIO NITTI N. 61,15
2238,VIA FRANCESCO SAVERIO NITTI N. 61,15
2239,VIA FRANCESCO MENGOTTI N. 24,15
2240,VIA FRANCESCO MENGOTTI N. 24,15
2241,VIA FRANCESCO MENGOTTI N. 24,15
2242,VIA FRANCESCO MENGOTTI N. 24,15
2243,VIA FRANCESCO MENGOTTI N. 24,15
2244,VIA FRANCESCO MENGOTTI N. 24,15
2245,VIA GIACOMO MALVANO N. 16,15
2246,VIA ENNIO BONIFAZI N. 64,13
2247,VIA ENNIO BONIFAZI N. 64,13
2248,VIA ENNIO BONIFAZI N. 64,13
2249,VIA ENNIO BONIFAZI N. 64,13
2250,VIA ENNIO BONIFAZI N. 64,14
2251,VIA ENNIO BONIFAZI N. 64,14
2252,VIA MATTIA BATTISTINI N. 196,13
2253,VIA MATTIA BATTISTINI N. 196,14
2254,VIA MATTIA BATTISTINI N. 196,14
2255,VIA DEL FORTE BRASCHI N. 99,14
2256,VIA DEL FORTE BRASCHI N. 99,14
2257,VIA COSTANTINO BESCHI N. 12,10
2258,VIA DEL FORTE BRASCHI N. 99,14
2259,VIA DEL FORTE BRASCHI N. 99,13
2260,VIA SISTO IV N. 176,13
2261,VIA SISTO IV N. 176,13
2262,VIA SISTO IV N. 176,13
2263,VIA SISTO IV N. 176,13
2264,VIA SISTO IV N. 176,13
2265,VIA CARDINALE OREGLIA N. 48,13
2266,VIA CARDINALE OREGLIA N. 48,13
2267,VIA CARDINALE OREGLIA N. 48,13
2268,VIA CARDINALE OREGLIA N. 48,13
2269,VIA CARDINALE OREGLIA N. 48,13
2270,VIA CARDINALE OREGLIA N. 48,13
2271,VIA SUOR CELESTINA DONATI N. 146,14
2272,VIA SUOR CELESTINA DONATI N. 146,14
2273,VIA SUOR CELESTINA DONATI N. 146,14
2274,VIA SUOR CELESTINA DONATI N. 146,14
2275,VIA CASSIA N. 1690,14
2276,VIA PORTUENSE N. 1491,11
2277,VIA SUOR CELESTINA DONATI N. 146,14
2278,VIA FEDERICO BORROMEO N. 53,14
2279,VIA FEDERICO BORROMEO N. 53,14
2280,VIA ILDEBRANDO DELLA GIOVANNA N. 127,12
2281,VIA FEDERICO BORROMEO N. 53,14
2282,VIA FEDERICO BORROMEO N. 53,14
2283,VIA FEDERICO BORROMEO N. 53,14
2284,VIA FEDERICO BORROMEO N. 57,14
2285,VIA PONZONE N. 23,14
2286,VIA FEDERICO BORROMEO N. 57,14
2287,VIA FEDERICO BORROMEO N. 57,14
2288,VIA FEDERICO BORROMEO N. 57,14
2289,VIA PASQUALE II N. 237,14
2290,VIA PASQUALE II N. 237,14
2291,VIA PASQUALE II N. 237,13
2292,VIA CORNELIA N. 43,13
2293,VIA CORNELIA N. 43,13
2294,VIA CORNELIA N. 43,13
2295,VIA DI TORREVECCHIA N. 793,14
2296,VIA DI TORREVECCHIA N. 793,14
2297,VIA DI TORREVECCHIA N. 793,14
2298,VIA DI TORREVECCHIA N. 793,14
2299,VIA DI TORREVECCHIA N. 793,14
2300,VIA DI VAL FAVARA N. 31,14
2301,VIA CORROPOLI N. 119,4
2302,VIA DI VAL FAVARA N. 31,14
2303,VIA ETTORE STAMPINI N. 38,14
2304,VIA DI VAL FAVARA N. 31,14
2305,VIA DI VAL FAVARA N. 31,14
2306,VIA PIETRO MAFFI N. 45,14
2307,VIA PIETRO MAFFI N. 45,14
2308,VIA PIETRO MAFFI N. 45,14
2309,VIA PIETRO MAFFI N. 45,14
2310,VIA PIETRO MAFFI N. 45,14
2311,VIA PIETRO MAFFI N. 45,14
2312,VIA PIETRO MAFFI N. 45,14
2313,VIA PIETRO MAFFI N. 45,14
2314,VIA PIETRO MAFFI N. 45,14
2315,VIA STEFANO BORGIA N. 110,14
2316,VIA STEFANO BORGIA N. 110,14
2317,VIA STEFANO BORGIA N. 110,14
2318,VIA STEFANO BORGIA N. 110,14
2319,VIA STEFANO BORGIA N. 110,14
2320,VIA STEFANO BORGIA N. 110,14
2321,VIA STEFANO BORGIA N. 110,14
2322,VIA CASSIA N. 1690,14
2323,VIA STEFANO BORGIA N. 110,14
2324,VIA STEFANO BORGIA N. 110,14
2325,VIA ANDREA VERGA N. 2,14
2326,VIA ANDREA VERGA N. 2,14
2327,VIA ANDREA VERGA N. 2,14
2328,VIA ANDREA VERGA N. 2,14
2329,VIA ANDREA VERGA N. 2,14
2330,VIA ANDREA VERGA N. 2,14
2331,VIA ENRICO PESTALOZZI N. 5,14
2332,VIA ENRICO PESTALOZZI N. 5,14
2333,VIA ENRICO PESTALOZZI N. 5,14
2334,VIA ENRICO PESTALOZZI N. 5,14
2335,VIA ENRICO PESTALOZZI N. 5,14
2336,VIA SAN GODENZO N. 200,15
2337,VIA SAN GODENZO N. 200,15
2338,VIA SAN GODENZO N. 200,15
2339,VIA SAN GODENZO N. 200,15
2340,VIA DECIO AZZOLINO N. 33,13
2341,VIA DECIO AZZOLINO N. 33,13
2342,VIA DECIO AZZOLINO N. 33,13
2343,VIA CORNELIA N. 43,13
2344,VIA CORNELIA N. 43,13
2345,VIA ORBASSANO N. 69,13
2346,VIA ORBASSANO N. 69,13
2347,VIA DEL PODERE TRIESTE N. 20,14
2348,VIA DEL PODERE TRIESTE N. 20,14
2349,VIA DEL PODERE TRIESTE N. 20,14
2350,VIA DI CASAL BIANCO N. 140,4
2351,VIA DI CASAL DEL MARMO N. 216,14
2352,VIA ANTONIO BERTOLOTTI N. 37,14
2353,VIA TRIONFALE N. 7333,15
2354,VIA TRIONFALE N. 7333,14
2355,VIA TRIONFALE N. 7333,14
2356,VIA TRIONFALE N. 7333,14
2357,VIA TRIONFALE N. 7333,14
2358,VIA TRIONFALE N. 7333,14
2359,VIA VALLOMBROSA N. 31,15
2360,VIA VALLOMBROSA N. 31,15
2361,VIA VALLOMBROSA N. 31,15
2362,VIA VALLOMBROSA N. 31,15
2363,VIA VALLOMBROSA N. 31,15
2364,VIA VALLOMBROSA N. 31,15
2365,VIA GIUSEPPE TAVERNA N. 95,15
2366,VIA GIUSEPPE TAVERNA N. 95,14
2367,VIA GIUSEPPE TAVERNA N. 95,14
2368,VIA GIUSEPPE TAVERNA N. 95,14
2369,VIA GIUSEPPE TAVERNA N. 95,14
2370,VIA OTTAVIO ASSAROTTI N. 11,14
2371,VIA OTTAVIO ASSAROTTI N. 11,14
2372,VIA OTTAVIO ASSAROTTI N. 11,14
2373,VIA OTTAVIO ASSAROTTI N. 11,14
2374,VIA OTTAVIO ASSAROTTI N. 11,14
2375,VIA OTTAVIO ASSAROTTI N. 11,14
2376,VIA OTTAVIO ASSAROTTI N. 13,14
2377,VIA OTTAVIO ASSAROTTI N. 13,14
2378,VIA OTTAVIO ASSAROTTI N. 13,14
2379,VIA OTTAVIO ASSAROTTI N. 13,14
2380,VIA OTTAVIO ASSAROTTI N. 13,14
2381,VIA OTTAVIO ASSAROTTI N. 13,14
2382,VIA TULLIANA N. 49,14
2383,VIA DI TRAGLIATELLA N. 86,14
2384,VIA DI TRAGLIATELLA N. 86,14
2385,VIA DI CASAL DEL MARMO N. 216,14
2386,VIA DI CASAL DEL MARMO N. 216,14
2387,VIA DI CASAL DEL MARMO N. 216,14
2388,VIA DI CASAL DEL MARMO N. 216,14
2389,VIA DI CASAL DEL MARMO N. 216,14
2390,VIA DI CASAL DEL MARMO N. 212,14
2391,VIA DI CASAL DEL MARMO N. 212,14
2392,VIA DI CASAL DEL MARMO N. 212,14
2393,VIA DI CASAL DEL MARMO N. 212,14
2394,VIA DI CASAL DEL MARMO N. 212,14
2395,VIA DI CASAL DEL MARMO N. 212,14
2396,VIA MAESTRE PIE FILIPPINI N. 5,14
2397,VIA MAESTRE PIE FILIPPINI N. 5,14
2398,VIA MAESTRE PIE FILIPPINI N. 5,14
2399,VIA MAESTRE PIE FILIPPINI N. 5,14
2400,VIA MAESTRE PIE FILIPPINI N. 5,14
2401,VIA MAESTRE PIE FILIPPINI N. 5,14
2402,VIA CASSIA N. 1690,14
2403,VIA CASSIA N. 1690,14
2404,VIA ROCCO SANTOLIQUIDO N. 28,15
2405,LARGO CESARE VICO LODOVICI N. 9,15
2406,VIA CASSIA N. 1690,15
2407,VIA CASSIA N. 1690,15
2408,VIA GIACINTO GALLINA N. 30,15
2409,VIA GIACINTO GALLINA N. 30,15
2410,VIA GIACINTO GALLINA N. 30,15
2411,VIA GIACINTO GALLINA N. 30,15
2412,VIA GIACINTO GALLINA N. 30,15
2413,LARGO CESARE VICO LODOVICI N. 9,15
2414,LARGO CESARE VICO LODOVICI N. 9,15
2415,LARGO CESARE VICO LODOVICI N. 9,15
2416,LARGO CESARE VICO LODOVICI N. 9,15
2417,LARGO CESARE VICO LODOVICI N. 9,15
2418,VIA ALFREDO SFORZINI N. 40,15
2419,VIA ALFREDO SFORZINI N. 40,15
2420,VIA ALFREDO SFORZINI N. 40,15
2421,VIA ALFREDO SFORZINI N. 40,15
2422,VIA ALFREDO SFORZINI N. 40,15
2423,VIA ALFREDO SFORZINI N. 40,15
2424,VIA ALFREDO SFORZINI N. 40,15
2425,VIA ANGUILLARESE N. 171,15
2426,VIA ANGUILLARESE N. 171,15
2427,VIA DOMENICO CIAMPOLI N. 21,14
2428,VIA DOMENICO CIAMPOLI N. 21,14
2429,VIA DOMENICO CIAMPOLI N. 21,14
2430,VIA DOMENICO CIAMPOLI N. 21,14
2431,VIA ASCREA N. 24,14
2432,VIA ASCREA N. 24,14
2433,VIA ASCREA N. 24,14
2434,VIA LA MOLETTA N. 72,15
2435,VIA LA MOLETTA N. 72,15
2436,VIA LA MOLETTA N. 72,15
2437,VIA LA MOLETTA N. 72,15
2438,VIA LA MOLETTA N. 72,15
2439,VIA FOSSO DEL FONTANILETTO N. 29B,15
2440,VIA FOSSO DEL FONTANILETTO N. 29B,15
2441,VIA FOSSO DEL FONTANILETTO N. 29B,15
2442,VIA FOSSO DEL FONTANILETTO N. 29B,15
2443,VIA FOSSO DEL FONTANILETTO N. 29B,15
2444,VIA MORRO REATINO N. 45,15
2445,VIA MORRO REATINO N. 45,15
2446,VIA MORRO REATINO N. 45,15
2447,VIA MORRO REATINO N. 45,15
2448,VIA MORRO REATINO N. 45,15
2449,VIA MORRO REATINO N. 45,15
2450,VIA AL SESTO MIGLIO N. 78,15
2451,VIA AL SESTO MIGLIO N. 78,15
2452,VIA AL SESTO MIGLIO N. 78,15
2453,VIA VIBIO MARIANO N. 105,15
2454,VIA VIBIO MARIANO N. 105,15
2455,VIA VIBIO MARIANO N. 105,15
2456,VIA VIBIO MARIANO N. 105,15
2457,VIA CASSIA N. 726,15
2458,VIA CASSIA N. 726,15
2459,VIA CASSIA N. 726,15
2460,VIA CASSIA N. 726,15
2461,VIA CASSIA N. 726,15
2462,VIA CASSIA N. 726,15
2463,VIA SAN GODENZO N. 200,15
2464,VIA SAN GODENZO N. 200,15
2465,VIA ROCCO SANTOLIQUIDO N. 28,15
2466,VIA ROCCO SANTOLIQUIDO N. 28,15
2467,VIA ROCCO SANTOLIQUIDO N. 28,15
2468,VIA GIUSEPPE SILLA N. 3,15
2469,VIA ROCCO SANTOLIQUIDO N. 28,15
2470,VIA GIUSEPPE SILLA N. 3,15
2471,VIA GIUSEPPE SILLA N. 3,15
2472,VIA GIUSEPPE SILLA N. 3,15
2473,VIA GIUSEPPE SILLA N. 3,15
2474,VIA GIUSEPPE SILLA N. 3,15
2475,LARGO CESARE VICO LODOVICI N. 9,15
2476,LARGO CESARE VICO LODOVICI N. 9,15
2477,LARGO CESARE VICO LODOVICI N. 9,15
2478,VIA DI VALLE VESCOVO N. 25,15
2479,LARGO CASTELSEPRIO N. 9,15
2480,LARGO CASTELSEPRIO N. 9,15
2481,LARGO CASTELSEPRIO N. 9,15
2482,LARGO CASTELSEPRIO N. 9,15
2483,LARGO CASTELSEPRIO N. 9,15
2484,LARGO CASTELSEPRIO N. 9,15
2485,VIA BREMBIO N. 83,15
2486,VIA BREMBIO N. 83,15
2487,VIA BREMBIO N. 83,15
2488,VIA BREMBIO N. 83,15
2489,VIA BREMBIO N. 83,15
2490,VIA BACCANO N. 38,15
2491,VIA BACCANO N. 38,15
2492,VIA BACCANO N. 38,15
2493,VIA BACCANO N. 38,15
2494,VIA BACCANO N. 38,15
2495,VIA BACCANO N. 38,15
2496,VIA BACCANO N. 38,15
2497,VIA CONCESIO N. 4,15
2498,VIA CONCESIO N. 4,15
2499,VIA CONCESIO N. 4,15
2500,VIA CONCESIO N. 4,15
2501,VIA DELLA STAZIONE DI PRIMA PORTA N. 16,15
2502,VIA DELLA STAZIONE DI PRIMA PORTA N. 16,15
2503,VIA DELLA STAZIONE DI PRIMA PORTA N. 16,15
2504,LARGO GIAMPAOLO BORGHI N. 6,15
2505,LARGO GIAMPAOLO BORGHI N. 6,15
2506,LARGO GIAMPAOLO BORGHI N. 6,15
2507,LARGO GIAMPAOLO BORGHI N. 6,15
2508,LARGO GIAMPAOLO BORGHI N. 6,15
2509,LARGO GIAMPAOLO BORGHI N. 6,15
2510,VIA MASSA DI SAN GIULIANO N. 131,6
2511,VIA ITALO TORSIELLO N. 45,9
2512,VIA BENEDETTO CROCE N. 48,8
2513,VIA ARDEATINA N. 1274,9
2514,VIALE DELL'OCEANO INDIANO N. 64,9
2515,VIA BEDOLLO N. 320,10
2516,VIA GUIDO BIAGI N. 47,10
2517,VIA DEL PODERE TRIESTE N. 20,14
2518,VIA DANIELE MANIN N. 72,1
2519,VIA BIXIO N. 85,1
2520,VIA ANDREA TORRE N. 15,4
2521,VIA FLAVIO ANDO' N. 15,3
2522,VIA DELLO SCALO DI SETTEBAGNI N. 45,3
2523,VIALE RATTO DELLE SABINE N. 3,4
2524,VIA ARETUSA N. 5,5
2525,VIA CARLO FADDA N. 93,7
2526,VIA PASQUALE STABILINI N. 21,7
2527,VIA DI S. MATTEO N. 104,7
2528,VIA BRUNO DE FINETTI N. 170B,9
2529,VIA BRUNO DE FINETTI N. 170B,9
2530,VIA DI DONNA OLIMPIA N. 45,12
2531,VIALE ERMINIO SPALLA N. 36,8
2532,VIA PIERO GHERARDI N. 39,10
2533,VIA CORNELIA N. 43,13
2534,VIA ANTONIO BERTOLOTTI N. 37,14
2535,VIA VITTORIO BACHELET N. 3,2
2536,VIA PERICLE DUCATI N. 12,10
2537,VIA ALESSANDRO DELLA SETA N. 8,8
2538,VIA FRANCESCO ORIOLI N. 38,10
2539,VIA GIUSEPPE DE SANTIS N. 33,3
2540,VIA LUIGI GASTINELLI N. 58,6
2541,VIA LUIGI GASTINELLI N. 58,6
2542,VIA GUIDO CORBELLINI N. 35,6
2543,VIA GIUSEPPE GREGORACI N. 70,7
2544,VIA DEL CALICE N. 34I,7
2545,VIA WALTER PROCACCINI N. 70,7
2546,VIA LUIGI CHIARINI N. 400,9
2547,VIA CORNELIA N. 73,13
2548,VIALE DI CASTEL PORZIANO N. 524,10
2549,VIA DELL'ORATORIO DAMASIANO N. 20,11
2550,VIA DEL CASALE DELLE PANTANELLE N. 15,13
2551,VIA DEL PODERE TRIESTE N. 20,14
2552,VIA FRANCESCO ORIOLI N. 38,10
2553,VIA DELL'ORATORIO DAMASIANO N. 20,11
2554,VIA ILDEBRANDO DELLA GIOVANNA N. 127,12
2555,VIA GUIDO CORBELLINI N. 35,6
2556,VIA DI DRAGONE N. 443,10
2557,VIA CITTA' SANT'ANGELO N. 31,6
2558,VIA DON PRIMO MAZZOLARI N. 323,6
2559,VIA DON PRIMO MAZZOLARI N. 323,6
2560,VIA BEDOLLO N. 320,10
2561,VIA DEL RISARO N. 34,9
2562,VIA SERRAPETRONA N. 121,3
2563,VIA GIUSEPPE DE SANTIS N. 33,3
2564,VIA ITALO SVEVO N. 31,3
2565,VIA DEL FOSSO DI S. ANDREA N. 77,7
2566,LARGO FRANCO BIGNOTTI N. 3,9
2567,VIA DI CASALOTTI N. 87B,14
2568,VIA DEL PODERE TRIESTE N. 20,14
2569,VIA LUIGI GASTINELLI N. 58,6
2570,VIALE DEL POLICLINICO N. 155,2
2571,VIALE DEL POLICLINICO N. 155,2
2572,VIA DEI MONTI TIBURTINI N. 385,4
2573,VIA DI ACQUA BULLICANTE N. 4,5
2574,VIA DELL'AMBA ARADAM N. 9,1
2575,VIA DELL'AMBA ARADAM N. 9,1
2576,VIA DI PONTE QUATTRO CAPI N. 39,1
2577,VIA APPIA NUOVA N. 901,7
2578,VIALE OXFORD N. 81,6
2579,VIA GIOVANNI MARTINOTTI N. 20,14
2580,CIRCONVALLAZIONE GIANICOLENSE N. 87,12
2581,CIRCONVALLAZIONE GIANICOLENSE N. 87,12
2582,VIA ALVARO DEL PORTILLO N. 200,9
2583,VIA ARDEATINA N. 306,8
2584,PIAZZALE DELL'UMANESIMO N. 10,9
2585,VIA ELIO CHIANESI N. 53,9
2586,VIA AURELIA N. 275,13
2587,LARGO AGOSTINO GEMELLI N. 8,14
2588,LARGO AGOSTINO GEMELLI N. 8,14
2589,LARGO AGOSTINO GEMELLI N. 8,14
2590,VIA GIUSEPPE MOSCATI N. 31,14
2591,VIA DEI BUONVISI N. 50,11
2592,VIA DELLA PISANA N. 235,12
2593,VIA PORTUENSE N. 798,11
2594,VIA DI GROTTAROSSA N. 1035,15
2595,VIA AURELIA ANTICA N. 446,13
2596,VIA AURELIA N. 860,13
2597,VIA LUIGI ERCOLE MORSELLI N. 13,11
2598,VIA CASSIA N. 600,15
2599,VIA GIANCARLO PASSERONI N. 28,10
